1000,93748.16959032408,43162.180258725886,136910.34984904996,283.54910795803045,190.894778829898,0.7620061439289271,0
2000,93353.84959685864,45137.84092262137,138491.69051948,296.52798936572026,180.5615984282265,0.8056142367955261,469
3000,91093.59393371586,45416.98742424557,136510.58135796143,298.3618110366991,171.59298189725584,0.8477211171691996,469
4000,89940.90074678624,45170.58102183393,135111.48176862017,296.7430717797812,166.18087604811538,0.8753293265238242,467
5000,89328.81494472639,46230.361405787524,135559.1763505139,303.70518029005996,162.35447337858085,0.8959592629957471,466
6000,88624.67162842583,45506.15157744213,134130.82320586796,298.94756495249226,159.5446618679802,0.9117383973191371,464
7000,87279.25356316307,44917.38664760301,132196.64021076608,295.07973970242034,156.82438027738365,0.9275534458038206,461
8000,86251.62761090431,45631.01290773577,131882.64051864008,299.7678274742414,154.78966036158184,0.9397461947557788,460
9000,85887.97673256852,45006.49470233661,130894.47143490514,295.6651250856455,154.38167421324127,0.9422296723600349,458
10000,86281.98672843474,45398.43298700635,131680.4197154411,298.23991973982055,153.6685871828865,0.9466020152786021,457
11000,86326.30893390204,45317.6523458726,131643.96127977464,297.7092403673595,152.27000303033606,0.955296456409448,455
12000,85698.71720731459,45535.2816067019,131233.9988140165,299.1389314164171,151.827648086337,0.9580797446695491,455
13000,85941.99846374858,45653.82759693754,131595.82606068611,299.9177060191324,151.9983741145836,0.957003620332669,454
14000,85822.10689645383,45007.98171895947,130830.08861541329,295.6748938747661,151.05034977808154,0.9630099799573164,453
15000,85447.26375229633,45456.54494331917,130903.8086956155,298.62167972681436,150.67133547994987,0.9654324351010546,452
16000,84920.00317635565,45233.71032863576,130153.7135049914,297.15779268874286,149.9507567763153,0.9700717584861953,452
17000,84244.56179840484,45162.73806229129,129407.29986069613,296.6915483356749,148.82667782517078,0.9773986521637861,452
18000,85157.38089243244,45446.31702368212,130603.69791611456,298.5544885545434,148.60799986246903,0.9788369027707549,452
19000,84659.02870411845,45545.23680747836,130204.26551159681,299.20433099268473,147.8994420047568,0.9835263226189692,451
20000,84448.6616674352,44474.88031623373,128923.54198366893,292.172743930348,148.02522930565843,0.982690552108305,451
21000,83661.43200314644,45202.45115468325,128863.8831578297,296.952439047277,147.15286276152696,0.988516238029772,450
22000,85051.02268700671,45544.869410927335,130595.89209793405,299.2019174222005,148.53530152678852,0.9793159795491545,450
23000,84387.61320291492,46014.26600451919,130401.8792074341,302.28556575955713,147.56018064978838,0.9857875862701078,450
24000,84232.35355195092,46003.12209847849,130235.4756504294,302.212357117221,147.3039943781905,0.9875020356805264,449
25000,84078.86770172161,45834.346763261594,129913.2144649832,301.1036064596035,147.29590441885637,0.9875562724316604,449
26000,83582.0874955541,44908.4557163461,128490.54321190019,295.0210689500174,147.36762173005562,0.9870756724213917,449
27000,84140.79050390745,44932.69496901054,129073.485472918,295.18030600498946,147.2083492431541,0.9881436417173919,449
28000,84283.11130772738,45876.22244352638,130159.33375125375,301.3787040499717,147.3519224027222,0.9871808385015588,449
29000,84242.4946227312,45586.20962286205,129828.70424559325,299.47349731336027,146.968337097855,0.9897573666869705,448
30000,83687.86751808709,45427.788123291684,129115.65564137878,298.4327650191322,146.35419889946547,0.9939106319201562,448
31000,83354.92410985142,45416.5263078321,128771.45041768352,298.3587817840775,146.3961435613405,0.9936258618136784,448
32000,83084.30401617906,45567.48879746534,128651.7928136444,299.3505129481207,146.99356637903188,0.9895874894092355,448
33000,83606.5203354593,45623.44928169262,129229.96961715192,299.71813908026763,147.01469359278306,0.9894452775941897,448
34000,83905.37747336467,45880.09054540261,129785.46801876728,301.40411511192275,147.47146977221925,0.9863805828816546,448
35000,84097.14083249788,45213.70211289846,129310.84294539635,297.026350956881,147.52132130264357,0.9860472576293909,448
36000,83843.85530692228,46236.55657607713,130080.41188299941,303.74587876726235,147.08237320958133,0.9889899866183293,448
37000,83537.41691451849,45622.58512667706,129160.00204119555,299.7124621107001,147.62348843954993,0.9853648348914429,448
38000,83118.15411024186,45355.87549882567,128474.02960906753,297.9603430887285,146.64472544109853,0.9919415367637123,447
39000,82963.23557018713,45360.64228046988,128323.87785065701,297.99165792674046,147.07317691744436,0.9890518268602286,447
40000,83334.14284071614,45266.49209662236,128600.6349373385,297.37314884114693,146.8236332092557,0.9907328345772474,447
41000,83283.18706889643,44848.24186851818,128131.4289374146,294.6255008221799,146.7591786375062,0.9911679505349928,447
42000,83883.30136262946,45393.1643780272,129276.46574065665,298.205308203349,146.28505695144975,0.9943804059263098,447
43000,83160.76853348035,45903.338021832984,129064.10655531334,301.556836804029,146.96339121896656,0.9897906757990151,447
44000,82749.0969851682,45013.30534307659,127762.40232824479,295.70986682702346,146.302596391407,0.9942611949495084,447
45000,83443.5775719402,45212.151423254516,128655.72899519472,297.01616387498143,146.40623421643906,0.9935573788291782,447
46000,83535.50847456776,45760.57855370385,129296.0870282716,300.6189944708119,146.58406654215713,0.9923520184951428,447
47000,82887.45925042217,45258.00626044581,128145.46551086797,297.31740209101247,146.38051323449938,0.9937319599317596,447
48000,82389.70070061347,44670.16462289181,127059.86532350528,293.4556423061757,146.78168673866497,0.9910159608079931,447
49000,82805.01458640251,45639.98553699942,128445.00012340193,299.8267721570284,146.2021059243255,0.9949445898380415,447
50000,83087.87272456792,45066.64390365966,128154.51662822757,296.0602685255113,145.56237229094762,0.999317282502012,447
51000,82506.28318206378,45416.36428449908,127922.64746656286,298.3577173899419,146.2741317378752,0.9944546761898213,447
52000,82618.64665354614,45245.58783870016,127864.2344922463,297.2358206605306,146.21037533217716,0.9948883174799105,447
53000,82619.05094873765,45470.87859074678,128089.92953948444,298.71584301786044,145.51914864674865,0.9996141103426256,447
54000,82928.30757200974,45665.60939057829,128593.91696258803,299.99510519259763,145.92236026965014,0.9968519837777752,446
55000,82545.18154864316,45771.22790675389,128316.40945539705,300.6889542026783,146.14221392846082,0.9953523379873159,447
56000,83005.86627083272,45570.099244009936,128575.96551484265,299.3676619842596,146.75379789553972,0.9912042918022292,447
57000,83034.24792577393,45932.24289376469,128966.49081953862,301.74672412211044,146.95161356478914,0.9898700040350569,447
58000,83732.20541465838,45881.24713076331,129613.4525454217,301.41171316988317,147.30141125662212,0.9875193528113362,446
59000,82713.17701885005,45496.71136390208,128209.88838275213,298.88554852718266,145.95539847408295,0.9966263381355199,446
60000,82458.82861931794,45438.86679039762,127897.69540971555,298.50554508159473,145.43686293903625,1.0001796750340433,446
61000,82206.39351404557,44877.697433588095,127084.09094763367,294.81900585714135,145.63191352723118,0.9988400947923846,446
62000,82157.13681523764,45646.92938460177,127804.0661998394,299.8723889859662,145.44931000098396,1.0000940830269451,446
63000,82645.36189098816,44442.58964846053,127087.9515394487,291.96061400578037,145.40865921484377,1.0003736716766771,446
64000,82277.22333404966,45671.2364626833,127948.45979673296,300.0320716124176,146.04208085553452,0.9960347966845843,446
65000,82324.29236849301,45431.096863805375,127755.38923229839,298.45450141927455,146.42533031352917,0.9934278037882336,446
66000,82578.46700593215,45607.28847036383,128185.75547629598,299.6119724406612,145.85079738689396,0.9973410973302441,446
67000,82516.4774014715,45349.58743894659,127866.06484041808,297.919034383774,146.19216670652074,0.9950122334827378,446
68000,82604.2311390716,45392.2144401609,127996.4455792325,298.19906769295324,145.27838559727311,1.0012707238885115,446
69000,82585.42084946888,45352.35298282909,127937.77383229797,297.9372023144995,145.97219271700806,0.9965116753047667,446
70000,82145.73472264013,44976.62020355722,127122.35492619735,295.4688679126109,146.1220140947608,0.995489934993659,446
71000,82507.42103923313,45436.541265961714,127943.96230519484,298.4902678093304,146.28088625949508,0.9944087572336127,446
72000,82343.37967027287,45374.2321103639,127717.61178063677,298.0809347918258,145.2695687408785,1.0013314940846452,446
73000,82155.03291699407,44865.30133763404,127020.3342546281,294.7375710934462,145.67385455950082,0.9985525182415026,446
74000,82470.47357583168,45579.31796209514,128049.79153792682,299.4282233199917,145.6516138754857,0.9987049950348577,446
75000,81940.71577361992,46065.85651027423,128006.57228389414,302.62448380767836,145.49201126054416,0.9998005598523465,446
76000,82530.03159931119,45355.03128945711,127885.0628887683,297.95479714985447,145.52864518659817,0.9995488800560325,446
77000,82421.66088146798,45583.742666084785,128005.40354755276,299.45729091717334,145.01431393866378,1.0030940419706564,446
78000,82639.73615128221,45354.349759574514,127994.08591085672,297.9503199156392,145.85745166312267,0.9972955968564583,446
79000,82691.76347384808,45322.67973787186,128014.44321171995,297.74226725590404,145.97958144609086,0.9964612370535827,446
80000,82977.82410882291,44988.578187468695,127966.4022962916,295.5474245483218,146.270474532595,0.9944795405714014,446
81000,82516.13884097122,45165.091111910064,127681.22995288129,296.7070064315446,145.9501185550885,0.9966623922777516,446
82000,82334.00970305811,45347.593029021635,127681.60273207974,297.90593233119614,146.43972613763844,0.9933301444146072,446
83000,82487.20856190144,45634.91037350544,128122.11893540688,299.79343143900087,145.76634203119474,0.997918945384567,446
84000,83159.91353994541,45862.87135794293,129022.78489788834,301.29099558888925,146.33111602131174,0.9940674155123004,446
85000,83191.67473794377,45841.59939193202,129033.27412987579,301.15125179117666,145.9493188345914,0.9966678534292672,446
86000,82935.97087554741,46288.03599713463,129224.00687268205,304.08406705690743,146.1841631452394,0.9950667102551529,446
87000,82088.66101506591,45730.650788530475,127819.31180359639,300.4223873701692,146.426920087099,0.9934170180306348,446
88000,82736.7257045937,45826.074255785905,128562.7999603796,301.0492611484712,145.92703301840564,0.996820063449031,446
89000,82882.66665422625,45409.921488344204,128292.58814257046,298.31539216235797,146.17100060977316,0.9951563149018364,446
90000,82136.60833807127,45301.78380411328,127438.39214218454,297.6049937599481,145.96213658382632,0.9965803304667049,446
91000,81958.05196329206,45109.82050860266,127067.87247189472,296.3439123948167,145.17401188419905,1.0019905933877986,446
92000,82895.85728201302,45162.201178277784,128058.0584602908,296.6880213362927,146.47877056203777,0.9930653688189469,446
93000,82100.44549085214,46118.340646287426,128218.78613713957,302.96927245967146,145.62260088853213,0.9989039711197141,446
94000,82088.60699302552,45813.81348427292,127902.42047729844,300.96871538353196,145.70002597096132,0.9983731529418353,446
95000,81847.70892379663,45865.88886226679,127713.59778606342,301.3108187455083,145.65433767214955,0.9986863188362827,446
96000,81999.11595541253,45675.90941353538,127675.02536894791,300.0627700395521,145.19314511352266,1.0018585532987958,446
97000,82306.04467498057,45786.64578192448,128092.69045690505,300.7902402064211,144.65404001882487,1.0055923380598688,446
98000,81890.35753014733,45148.95336405048,127039.31089419781,296.6009913048154,145.22167040917785,1.001661762342205,446
99000,82587.02796683897,45319.39169370697,127906.41966054594,297.7206668181066,145.21384956758916,1.0017157092487299,446
100000,82471.81090186734,45733.75328242709,128205.56418429443,300.4427688562655,145.6889911138839,0.9984487722797716,446
101000,82122.39583844828,45607.74945996137,127730.14529840965,299.6150008601798,145.33234494431383,1.0008989696551869,0
102000,82584.7679927898,45537.78198238602,128122.54997517582,299.1553573543689,145.26120047323627,1.0013891792057499,444
103000,82557.2168216001,45952.684385734785,128509.90120733489,301.8810122136458,145.37687790627098,1.0005923665943663,441
104000,81208.43311336031,44869.50283233449,126077.9359456948,294.76517234220756,144.45033601808782,1.0070104253279226,443
105000,82728.27704184124,46049.89888216229,128778.17592400353,302.5196519574534,145.53237943918552,0.9995232323753865,444
106000,82103.7991115899,45774.40919627843,127878.20830786834,300.7098533278252,145.09307821299706,1.0025495089351941,443
107000,81523.68270811866,44813.96848258306,126337.65119070173,294.400345652762,145.73259020077313,0.9981500645252667,442
108000,82605.64515495035,45759.536930086935,128365.18208503729,300.6121516411487,145.92127678059998,0.9968593855647722,443
109000,82118.23252838466,45991.38233788428,128109.61486626894,302.1352340751463,145.80187238597605,0.9976757632251593,443
110000,82164.51503966967,45830.79573853337,127995.31077820304,301.08027840045565,145.7271057705551,0.9981876298385078,443
111000,82353.87247836869,46295.991217138246,128649.86369550694,304.1363279835361,145.8719984581799,0.9971961435356547,443
112000,82083.10341948617,45878.52950635203,127961.6329258382,301.39386004075567,145.48020367874219,0.9998817064729697,442
113000,82485.70708565702,45222.610693413764,127708.31777907079,297.0848748785908,145.25642539693317,1.0014220982984974,442
114000,81980.56144145562,45621.932504035416,127602.49394549103,299.70817477936595,145.90518745260604,0.996969311729141,442
115000,82581.57157780856,45802.78768148529,128384.35925929385,300.89628260728637,145.7858566806763,0.9977853656335983,442
116000,82716.63439659573,44626.60581240803,127343.24020900376,293.1694875803868,145.9381470357254,0.9967441499495459,441
117000,82406.48098716518,45589.987971112365,127996.46895827755,299.4983187489205,145.8921650075595,0.9970583019643219,441
118000,81817.2985698104,44887.54585675476,126704.84442656516,294.8837039698632,145.74747583522068,0.9980481204133761,442
119000,82137.80573791699,45045.837710352615,127183.6434482696,295.9235845693985,145.17447177308404,1.0019874192461529,442
120000,82220.04078825645,45299.668754573504,127519.70954282995,297.59109917893534,145.83122835096063,0.9974749301450135,442
121000,82658.75179412699,45396.21568010375,128054.96747423074,298.22535339051814,146.73088434357572,0.9913590786499251,442
122000,81679.19971516039,45234.678130707995,126913.87784586838,297.16415055603824,146.50312457716703,0.9929002861349676,441
123000,82492.03145299168,45258.46033993224,127750.49179292392,297.3203851153303,146.15956622576053,0.9952341681669427,442
124000,82269.07998205823,45272.92841468169,127542.00839673993,297.41543151160795,145.62837628542218,0.9988643561282171,441
125000,81784.32598351766,45300.34548831079,127084.67147182845,297.59554490541126,145.90676685000017,0.9969585198325966,442
126000,82070.53708847694,45496.66792069189,127567.20500916883,298.8852631318801,145.73379609229343,0.9981418052145846,442
127000,82124.07891809393,45298.84748802241,127422.92640611634,297.58570396033053,145.81249340851227,0.9976030922453459,441
128000,82152.61090261675,45261.02656950161,127413.63747211837,297.3372436730039,145.50416623024944,0.9997170395942592,441
129000,82166.03799610792,45396.98183111823,127563.01982722615,298.23038653377955,145.23953865759398,1.001538531840622,441
130000,82488.8873656842,45590.001495677745,128078.88886136195,299.49840759703767,145.5273081078335,0.9995580637315857,441
131000,81603.49780390997,45327.38281797094,126930.8806218809,297.7731636137514,145.68545138193693,0.9984730316754981,441
132000,81797.99551128663,45630.69970743195,127428.69521871858,299.76576993993183,144.95967513766047,1.0034721323305775,441
133000,81495.79105229385,45165.73199278582,126661.52304507967,296.71121662666303,145.64661565843508,0.9987392680202761,441
134000,82056.7462319945,45245.03837161721,127301.78460361171,297.2322109980833,146.05494064405727,0.9959470982007795,441
135000,81905.48481330308,45127.03515419038,127032.51996749346,296.4570020805312,145.63420113641027,0.9988244051003242,441
136000,82317.89810406903,45232.374785715016,127550.27288978404,297.14901898913956,145.34954166236875,1.0007805504487295,442
137000,81951.88702368172,45122.69953402621,127074.58655770792,296.42851970956133,144.78610070438387,1.004675128376681,442
138000,81764.98861113758,44795.576135291485,126560.56474642907,294.27951918763625,145.28976176579852,1.0011923245274272,442
139000,82004.5609574627,46009.695262571215,128014.25622003392,302.25553878236815,145.22482359887815,1.0016400137907253,441
140000,81418.73979310686,45269.87019927567,126688.60999238252,297.3953409080952,145.26587729362853,1.0013569395812685,442
141000,82677.12971729002,45288.85711155215,127965.98682884217,297.520073301283,145.59737311525728,0.99907705200962,442
142000,81614.73794319323,45239.566116292495,126854.30405948573,297.19626162975806,145.05483343213842,1.002813838536366,441
143000,81708.2227067356,45222.65803790209,126930.88074463769,297.08518590290305,144.97202271517784,1.0033866644609264,441
144000,81748.2464159764,45319.7254830841,127067.9718990605,297.7228596100268,145.77572097724027,0.9978547410857728,441
145000,82090.25866759403,45392.4026593375,127482.66132693153,298.20030417774865,145.6159572478282,0.9989495455142192,442
146000,81895.57205294483,45452.755497031845,127348.32754997668,298.59678538394326,145.3361217694441,1.000872959463533,442
147000,81899.0308471898,45850.744254290126,127749.77510147993,301.2113279399833,145.2470111539462,1.0014870058714036,441
148000,81568.02437578316,45197.32886039454,126765.3532361777,296.9187887087733,144.94719928568418,1.003558502883765,441
149000,81995.45483427294,45146.77860734728,127142.23344162022,296.58670448428126,145.8031102706848,0.9976672928463773,442
150000,81738.91432155401,45772.75604531003,127511.67036686404,300.6989931377328,145.63500045934487,0.998818923016676,442
151000,81473.63001139066,45625.93198364484,127099.5619950355,299.73444891261755,145.382778899079,1.0005517531984487,442
152000,82143.32714875939,45319.34476642567,127462.67191518506,297.7203585345891,146.22183074374828,0.9948103752527748,442
153000,81454.81283690268,45300.88352968823,126755.69636659091,297.59907950796617,145.56863696651294,0.9992742759953073,442
154000,82150.259762992,45603.795791187964,127754.05555417997,299.58902767608345,145.3774955811074,1.0005881153123926,442
155000,81510.79752754551,46073.163523597876,127583.96105114339,302.6724864131385,145.45866065739722,1.0000297930347986,442
156000,82383.31683295852,45072.959716703626,127456.27654966214,296.1017595517734,146.2485185299851,0.9946288398300042,442
157000,81689.78046491285,45173.18714988412,126862.96761479697,296.7601924460549,145.88040591012958,0.9971386726326305,442
158000,82208.74940162129,45144.453641839325,127353.20304346061,296.57143088383145,145.13240061916773,1.0022778765579416,442
159000,81956.65443441409,45326.12881563776,127282.78325005184,297.7649255859035,145.59374311318726,0.9991019614026293,442
160000,81597.04090489892,45191.76805935614,126788.80896425506,296.8822576493013,144.901419417486,1.0038755651746374,442
161000,81892.59115746318,45458.6644828546,127351.25564031777,298.6356038043505,145.28411608739006,1.0012312304315378,442
162000,82256.32495276854,45454.32493403973,127710.64988680827,298.6070956245501,145.1023105374122,1.0024857204105702,442
163000,81388.05717915922,44823.47447361052,126211.53165276974,294.4627941959063,145.43526065577927,1.000190694171631,442
164000,81273.90052732339,45866.82961368933,127140.73014101273,301.31699890659087,144.8332174668776,1.0043482900985912,442
165000,82042.86789004813,45266.92619192344,127309.79408197157,297.37600058159774,144.99473605445618,1.0032294845359344,442
166000,82592.38143654045,45293.04367763712,127885.42511417757,297.5475764781773,145.6351740668663,0.9988177323532341,442
167000,81724.56242725221,45479.01401514409,127203.5764423963,298.769287777066,146.1415202001956,0.9953570628871921,442
168000,81328.84526195136,45194.064436517656,126522.90969846901,296.8973434418118,145.123801229892,1.00233726707521,442
169000,82096.34246073538,45575.23210946284,127671.57457019822,299.4013817688422,145.21786461108144,1.001688013399116,442
170000,82059.0973160328,45890.95519856247,127950.05251459527,301.47548923374154,145.37411112394352,1.000611410021394,442
171000,82030.86873849816,45333.15005470175,127364.01879319991,297.8110508293787,144.91192219315582,1.0038028073248908,442
172000,81393.48823739585,45433.26135513652,126826.74959253237,298.468720802597,145.0009872121879,1.0031862341700608,442
173000,81600.07744340767,44808.4183877552,126408.49583116287,294.3638849265408,144.91459440427207,1.0037842972981312,442
174000,81759.82697620662,45627.19149817014,127387.01847437676,299.7427231521942,146.16139363415206,0.9952217250776615,442
175000,82622.37006653062,45247.974849509075,127870.3449160397,297.25150186063445,145.66679825891632,0.9986008895025061,442
176000,81792.0717369171,45810.9223177582,127602.9940546753,300.94972218899704,145.58517927923148,0.9991607321054213,442
177000,82227.86522165444,45587.67835556762,127815.54357722207,299.48314598833446,144.99771371321972,1.003208882314079,442
178000,81561.2191837446,45227.65193750258,126788.87112124718,297.11799276688595,145.90614146163114,0.9969627930335493,442
179000,81840.3134206819,45487.9093054533,127328.2227261352,298.82772439025575,145.4533554298105,1.0000662678595276,442
180000,81346.51448410394,44861.784399318276,126208.29888342222,294.7144669611665,144.2535322113702,1.0083842806649168,442
181000,81662.25841606635,44516.5323102735,126178.79072633985,292.4463720391195,144.65167207037635,1.0056087996104521,442
182000,81319.31047209114,45173.614323013,126492.92479510413,296.7629987120709,145.6127278132264,0.998971700460948,442
183000,81795.7932631021,45538.44595508557,127334.23921818766,299.15971924863686,144.82312075419972,1.004418310797364,442
184000,82494.97156560581,45334.43768800271,127829.40925360852,297.819509792102,145.2596998257678,1.0013995243471658,442
185000,81298.73188776747,44885.060028004926,126183.7919157724,294.86737359636663,144.82655484962672,1.00439449425121,442
186000,81707.28453645951,45397.4368782728,127104.72141473231,298.23337591508476,144.80793088776667,1.0045236709105179,442
187000,81742.82168633264,45826.14346381696,127568.9651501496,301.04971580287815,145.24741648153048,1.0014842111207731,442
188000,82064.0454831091,45458.20008808398,127522.24557119308,298.6325530149288,145.3971081414997,1.0004531463636273,442
189000,80795.04933389832,45236.32502395692,126031.37435785524,297.1749696367435,144.8407342432681,1.0042961675962148,442
190000,81572.412034129,45172.6669207504,126745.0789548794,296.75677485903975,145.21335249022937,1.0017191382047554,442
191000,81792.65165454033,45308.566544544534,127101.21819908486,297.64955221337334,145.13481579168334,1.0022611977619738,442
192000,81478.93967985999,45402.08632378583,126881.02600364582,298.2639199265276,144.8189527511921,1.0044472187438775,442
193000,82035.05171787526,45016.64728230657,127051.69900018183,295.73182132241345,145.18971627301408,1.0018822134675707,442
194000,82856.80729438568,45867.44728044607,128724.25457483175,301.321056599155,145.60783251011287,0.9990052856684969,442
195000,82071.2094066772,45294.411671916605,127365.6210785938,297.5565633633466,145.7418940170849,0.9980863449962011,442
196000,81812.89620503361,45228.9151647035,127041.81136973712,297.1262913964691,144.9634398501863,1.0034460720762828,442
197000,80964.16443513529,45069.89416735759,126034.05860249288,296.08162076876346,144.60798424131187,1.005912606247227,442
198000,81293.38190521911,45341.89838623372,126635.28029145283,297.86852201334443,144.603600620609,1.0059431002273704,442
199000,80925.99327825257,45192.28499954351,126118.27827779608,296.88565362995195,144.56441445286958,1.0062157749046832,442
200000,81376.37441792461,44556.939804683556,125933.31422260817,292.71182454698896,143.97056256080808,1.0103662285190942,442
201000,81581.83193308601,45230.46449886018,126812.29643194619,297.13646957364693,144.36149365428793,1.007630155591808,0
202000,81608.57899586554,45154.2185383942,126762.79753425973,296.63558027783426,144.2864733612811,1.0081540627035004,445
203000,81820.85197950044,45262.811534871464,127083.6635143719,297.34896980304006,145.66586803133328,0.9986072666044615,442
204000,81476.56722029785,45750.47807845264,127227.04529875048,300.55264053015685,145.01260419648185,1.003105868750856,442
205000,81718.81763279103,45002.44941458176,126721.26704737279,295.6385500209142,144.9227275596827,1.003727964286559,442
206000,81997.1259114873,45612.603292222135,127609.72920370943,299.6468875674654,144.94448296947522,1.00357730996198,443
207000,82156.52610908408,45407.42457333859,127563.95068242267,298.298988958946,145.2318571444185,1.0015915045945298,443
208000,81750.94260239945,45616.943247359275,127367.88584975872,299.6753984165545,145.08682599435366,1.002592711746254,443
209000,81791.36732009036,45475.164178206,127266.53149829636,298.74399670457996,145.2978116995888,1.0011368554750752,443
210000,82344.02982477914,45263.442010739585,127607.47183551872,297.3531116436265,146.02255434922486,0.9961679889837382,443
211000,82293.62760708091,45545.35300909658,127838.98061617749,299.2050943661981,146.25871051878704,0.9945595294555198,444
212000,81665.0383648916,45484.574833911145,127149.61319880275,298.80581895300435,145.3112254719893,1.0010444398899925,444
213000,82419.29509114439,45601.57391272485,128020.86900386924,299.57443129442635,145.47156752709589,0.9999410660453746,444
214000,82345.60914593909,45210.51107027917,127556.12021621826,297.00538775987076,145.50195146370075,0.9997322568462285,444
215000,82069.94619456495,45755.43990272074,127825.3860972857,300.5852366788368,145.17726197504282,1.0019681617727592,443
216000,82577.97424111728,45528.941110616084,128106.91535173336,299.0972782376767,145.23403183888593,1.001576507038681,443
217000,82062.57270187067,45547.89751069341,127610.47021256408,299.2218101843902,145.65693223694265,0.9986685293886923,443
218000,81448.35303261835,45542.87437772588,126991.22741034423,299.18881127507746,145.22924088863718,1.0016095479275968,443
219000,81603.11192007698,45629.950548199704,127233.06246827668,299.7608484222803,145.2554957067107,1.0014285077794525,443
220000,81845.96852291314,45242.92042823369,127088.88895114683,297.21829740628823,145.92656880608115,0.9968232344696514,443
221000,81788.37155269124,45684.20184606034,127472.57339875159,300.11724624606353,145.14417332961196,1.0021965813398515,443
222000,82224.74887668432,45080.23057865622,127304.97945534054,296.1495246648513,144.44142643228497,1.007072540788912,443
223000,81537.6329317078,45197.1672219802,126734.800153688,296.91772684331784,145.0376700548263,1.0029325088947503,443
224000,81568.19657628509,45208.62943429593,126776.82601058102,296.99302656306946,144.96527890396825,1.0034333421915287,443
225000,81592.83234995941,45178.65701782494,126771.48936778435,296.7961261307291,145.37161775524092,1.0006285721965953,443
226000,81425.55597154578,45250.83978113654,126676.39575268232,297.2703227080165,145.262155686821,1.0013825942797376,443
227000,81798.13475780573,45524.15346571762,127322.28822352336,299.06582634085305,144.35444044496793,1.0076793887597149,443
228000,81616.12062033254,45711.76229878375,127327.8829191163,300.2983015527649,144.817001169267,1.004460754868925,443
229000,81546.82607700536,45391.25580812455,126938.08188512991,298.1927700671814,144.90155612737155,1.0038746180508296,444
230000,81517.47477651222,45874.00621227472,127391.48098878693,301.36414476703766,145.22694446884742,1.001625386007754,444
231000,81884.52365247547,45623.84082523419,127508.36447770966,299.72071128170126,145.59909079684957,0.9990652655605967,443
232000,81649.87710750886,45466.29953742109,127116.17664492995,298.68576144000656,144.81078362258853,1.0045038820551324,443
233000,81689.92475999662,44734.06595632993,126423.99071632655,293.87543495763805,144.65134409956363,1.0056110796468898,443
234000,81078.49533859189,45428.922673369234,126507.41801196113,298.4402183187684,145.36617690597365,1.0006660243009962,444
235000,81518.5600134171,45217.647052200045,126736.20706561714,297.05226679369014,144.96854101263128,1.0034107627506688,444
236000,81555.21677119817,45256.55615586694,126811.77292706512,297.3078757914299,145.41131663039735,1.0003553896844901,444
237000,81695.55244111203,45525.22834925819,127220.78079037022,299.07288766785877,144.93520427954445,1.003641558553114,444
238000,81826.92464412167,45830.743639066815,127657.66828318848,301.07993613884656,145.69080855893898,0.9984363169587952,444
239000,81423.2589451441,45701.67924430268,127124.93818944678,300.2320620559076,144.70905465816338,1.0052100378649667,444
240000,81918.89137459578,45257.722992484516,127176.6143670803,297.3155411938739,145.62871438772555,0.9988620370914738,444
241000,81941.35062205142,45672.1244798656,127613.47510191702,300.03790534181644,145.48466904739715,0.9998510170507784,444
242000,82054.1791746208,44809.66182379238,126863.84099841319,294.3720535402909,145.73449934666985,0.9981369885953495,444
243000,82563.02134624752,45434.125362647,127997.14670889452,298.4743968031464,146.2546625881473,0.9945870561539587,444
244000,81868.4632443949,44583.36954396963,126451.83278836453,292.8854517584321,144.68207724615468,1.005397469272249,444
245000,81140.00917717424,44889.89872031496,126029.9078974892,294.8991608434419,144.3670805739778,1.0075911609073274,444
246000,81523.0055051198,45069.39968535071,126592.40519047051,296.07837232461367,145.1396551348949,1.0022277797004584,444
247000,81358.35283086574,45112.401130846876,126470.75396171262,296.3608655035554,145.42866422200748,1.0002360613742285,444
248000,82507.00892542655,45388.624562801066,127895.63348822761,298.17548439579457,145.5565920062621,0.9993569669869564,444
249000,81321.40550646401,45569.75190031584,126891.15740677985,299.3653801487725,145.5018995640903,0.999732613444423,444
250000,81232.35455904616,45681.60703760013,126913.96159664629,300.1001999425681,145.43770307779926,1.0001738973732497,444
251000,81662.29918173686,45204.58219783194,126866.8813795688,296.9664386965117,145.89402263697818,0.9970456066886664,444
252000,81153.3637833778,45584.97236128803,126738.33614466584,299.46536926205425,144.94161734410858,1.0035971515826925,444
253000,81916.09984991865,45783.86930851953,127699.96915843818,300.7720004754222,145.46070010226632,1.0000157720268639,444
254000,82967.0532825051,45151.094234196,128118.14751670111,296.61505551140505,145.2993059023274,1.0011265601648405,444
255000,81092.95677631733,45476.8695561362,126569.82633245352,298.7551999938471,144.85770506593965,1.00417850915228,444
256000,81457.1827617668,45727.93664746685,127185.11940923365,300.40455712450387,145.17888549288915,1.0019569568844824,443
257000,81076.05967987425,44861.64777935995,125937.7074592342,294.7135694516552,144.6555662883302,1.0055817279951493,444
258000,81137.38365628698,45761.01741749421,126898.40107378119,300.6218775373189,144.45609690893423,1.0069702658797188,444
259000,82216.70290819244,45632.549978526426,127849.25288671887,299.77792508861,145.53880063125706,0.9994791332717303,444
260000,81205.5283708719,45397.965739895124,126603.49411076703,298.23685021226675,145.26314521484443,1.0013757728926764,443
261000,82068.81927718825,45177.09723526146,127245.91651244971,296.78587931391326,145.87274495515965,0.9971910404308244,444
262000,81930.3093919701,45182.41674906295,127112.72614103305,296.8208252639126,145.47447344079006,0.9999210918026881,444
263000,81370.64500977594,45903.588309524814,127274.23331930075,301.5584810409819,145.8834415653345,0.9971179234018122,444
264000,82137.61659783527,45814.0824164435,127951.69901427877,300.9704821032994,146.3340579079931,0.9940474308707763,444
265000,81409.12496142261,45774.1263927375,127183.25135416011,300.70799548164416,145.4518024380337,1.000076945586886,444
266000,82171.30872253465,45483.36368603725,127654.6724085719,298.7978624527259,145.7526004763431,0.9980130291805381,444
267000,82064.40870715835,45484.06636045873,127548.47506761708,298.8024785936206,146.0999765383904,0.9956400935773794,444
268000,81555.72811622181,45011.174131504755,126566.90224772657,295.6958660713517,145.59434902592935,0.999097803489818,444
269000,81471.6939840382,45233.05008010054,126704.74406413874,297.15345525995525,145.2781025771649,1.0012726744904508,444
270000,81604.52369074288,45304.18476281874,126908.70845356162,297.62076658919574,145.65732940004153,0.9986658063242951,444
271000,81821.53609341648,45616.52488083602,127438.0609742525,299.67265000454756,145.33013469265336,1.0009141918155071,444
272000,81767.75508236911,45331.5016110735,127099.25669344261,297.80022156363015,146.01200981869405,0.9962399291192566,444
273000,82015.02022641856,45437.44376726705,127452.46399368561,298.4961966905529,145.8518745284785,0.9973337317919309,444
274000,81870.00780414377,45758.75751597446,127628.76532011823,300.6070313674508,145.9443114678134,0.9967020492224966,444
275000,81168.87461320224,45406.51855523605,126575.39316843828,298.2930369745182,146.13479265356236,0.9954028857260638,444
276000,82096.20838105536,45024.69643561728,127120.90481667264,295.7846993333802,145.63867791658146,0.9987937022859673,444
277000,80999.67480849041,45842.91569734714,126842.59050583755,301.15989911214194,145.87707066190387,0.9971614706294205,444
278000,82364.52668879772,45889.13853210828,128253.665220906,301.4635548469832,145.38788761595254,1.0005165952791186,444
279000,81940.29037426744,45404.22127539397,127344.5116496614,298.27794525194884,145.99314528498422,0.9963686584626051,444
280000,81999.85541675254,45775.98613965185,127775.8415564044,300.7202128806595,146.26611512774622,0.9945091806485128,444
281000,81862.10716658243,45986.908722168766,127849.0158887512,302.1058451578609,145.86651428331513,0.9972336353345949,444
282000,81569.90321187678,45975.07563407929,127544.97884595607,302.0281090112611,146.2407581238514,0.9946816207636399,444
283000,81632.83456078634,44796.05409255333,126428.88865333967,294.28265907432467,146.5423537695189,0.9926344880546917,444
284000,82186.42640310808,45233.01870467502,127419.4451077831,297.15324914261214,145.56201752381708,0.9993197180613071,444
285000,81460.57361244241,45479.04099747259,126939.614609915,298.7694650344504,145.22594814119202,1.001632257693463,444
286000,81555.86508662786,45475.030798264605,127030.89588489247,298.74312047999683,145.7778765553742,0.9978399860769089,444
287000,81408.06433676023,44767.1896540781,126175.25399083833,294.093037379306,144.9374172454333,1.003626234528608,444
288000,81243.22820586833,45410.741286831064,126653.9694926994,298.3207777366793,145.8817869335418,0.9971292329905677,444
289000,81151.13309379714,45636.759878895245,126787.89297269238,299.80558155746803,145.41827432587232,1.000307526593002,444
290000,81586.05096051292,45245.69853251707,126831.74949302999,297.23654785116025,145.7903893936837,0.9977543438719839,444
291000,81377.1661532454,45605.12553360686,126982.29168685226,299.5977632699397,144.93590015065973,1.0036367398355293,444
292000,81862.06040291209,45624.62966234665,127486.69006525874,299.7258934587419,145.27725517228026,1.0012785149322614,444
293000,82064.47961027882,46116.239549229154,128180.71915950798,302.95546953792297,145.58326311832508,0.9991738830177793,444
294000,82186.87862202423,45828.863166544004,128015.74178856824,301.06758258526827,145.8988950204691,0.997012309736328,444
295000,81211.75896794465,45840.59283015062,127052.35179809527,301.1446392963141,145.5043412799655,0.9997158368797395,444
296000,81640.30173869178,45542.52265198948,127182.82439068126,299.1865006522543,144.94325461121176,1.0035858150316708,444
297000,81173.34102827503,45370.28978305613,126543.63081133115,298.05503611421744,144.89390457500792,1.00392763062737,444
298000,81563.32835959358,45497.74836720852,127061.0767268021,298.8923610042338,145.83002527811487,0.997483159143126,444
299000,81339.87578979018,45425.085073425435,126764.96086321562,298.4150076358455,146.56558716750823,0.992477136847191,444
300000,81731.97107093001,45960.454952758504,127692.42602368852,301.9320600832089,146.2066282264964,0.9949138153093275,444
301000,81903.28366040444,46359.173828016035,128262.45748842048,304.5513990676534,146.0618504933946,0.9958999822401556,0
302000,81395.13994729973,45513.77200997152,126908.91195727125,298.99762653031365,145.04330180215896,1.0028935669897354,436
303000,81150.2462733619,45289.87226699325,126440.11854035515,297.52674225123025,146.35533120023553,0.9939029423760537,439
304000,81615.29360270788,45716.46093023487,127331.75453294275,300.32916868571783,146.03308340548966,0.9960961647877367,439
305000,81642.34340474557,45913.2585340426,127555.60193878817,301.62200849764275,145.64377680113722,0.9987587352321403,439
306000,81737.48117915672,45007.26638190891,126744.74756106563,295.6701945481482,146.12032037752388,0.9955014739668676,441
307000,81364.36250078143,45805.756580229616,127170.11908101104,300.9157864549957,145.67173567086166,0.9985670428270494,441
308000,81537.79429857002,45429.81219941378,126967.6064979838,298.44606196046874,145.60282595677583,0.9990396364663869,441
309000,81569.41035478367,45720.19594813301,127289.60630291668,300.3537054673836,145.98299406796428,0.9964379429333649,441
310000,81561.03742857545,45274.602102198754,126835.6395307742,297.42642661425606,145.7422236121064,0.998084087830898,442
311000,81164.65037785511,44870.423826381215,126035.07420423633,294.771222709423,145.13923196407725,1.0022307018156114,442
312000,81194.12941509928,45455.392559218686,126649.52197431796,298.61410926856223,145.78270601055365,0.9978069298686598,442
313000,80566.43275696514,45794.51763021317,126360.95038717831,300.8419534319083,144.29672426200474,1.0080824430096802,442
314000,80929.33203780834,45793.522643721895,126722.85468153024,300.8354169796174,145.8692725480767,0.9972147784886851,442
315000,81223.66311750666,45646.578221073665,126870.24133858032,299.87008205650744,145.2421104891628,1.0015207973942901,442
316000,80870.59207510087,45592.373901679995,126462.96597678086,299.51399285250017,145.9267560575354,0.9968219553580934,442
317000,80920.15100911353,45266.36529599503,126186.51630510855,297.37231583863047,145.1509249286916,1.002149964830039,442
318000,80880.51089524431,45540.03133412538,126420.54222936969,299.1701342186365,145.08418615275028,1.0026109541613781,442
319000,81688.84176176964,45458.979794105864,127147.8215558755,298.6376752062929,146.25029318864793,0.9946167706118958,442
320000,81777.86046521107,45570.73780104844,127348.5982662595,299.3718569131896,145.91669977129112,0.9968906543276655,442
321000,81142.54814159303,45594.47806254425,126737.02620413728,299.5278159015789,145.77030100474326,0.9978918429180076,442
322000,81147.96844873801,45803.69429286373,126951.66274160174,300.90223848917367,145.5525188007425,0.9993849334305983,442
323000,81082.99959816886,45607.535299824085,126690.53489799294,299.6135939591492,144.86939615555053,1.0040974710500488,442
324000,81699.60820236232,45800.532480744645,127500.14068310696,300.88146731866,145.40770159018842,1.0003802599280702,442
325000,81648.44602356575,45091.442533650436,126739.88855721618,296.2231803471643,145.6804332610867,0.9985074251642218,443
326000,81383.22634213578,45503.87221498857,126887.09855712435,298.93259093619963,145.81927360014885,0.9975567064694764,443
327000,81694.74088002063,44988.07368239295,126682.81456241358,295.544110258744,145.23217809942918,1.0015892911331863,442
328000,81646.86971369851,45313.731108949636,126960.60082264815,297.6834802406714,145.37412117503604,1.000611340839632,442
329000,80870.77752323143,45509.07566185156,126379.85318508299,298.9667743974489,145.47154509731314,0.999941220223024,442
330000,81142.81116909374,45273.896243375726,126416.70741246946,297.42178955379217,144.406856905825,1.0073136236681592,442
331000,81411.42946004367,45453.41525729187,126864.84471733554,298.6011196050617,145.05913800355017,1.0027840804401849,442
332000,81160.26931874294,45139.29348111036,126299.5627998533,296.53753178599055,145.38474307231525,1.0005382355697516,442
333000,81539.16662843953,45367.83406402063,126907.00069246016,298.0389035431162,145.51324673642256,0.999654653956161,442
334000,81379.29757222714,44940.49847559002,126319.79604781716,295.231570267274,145.57301046398374,0.999244254472054,442
335000,81470.32555862016,45155.427814826835,126625.75337344699,296.64352448388905,145.3961308608814,1.000459870913061,443
336000,80955.07125684278,45550.292321055895,126505.36357789868,299.23754262278743,145.1740677897662,1.001990207527891,442
337000,80968.1820470005,45745.895112034865,126714.07715903537,300.52253324568295,144.68971102289063,1.0053444248660015,443
338000,81055.92825699804,45931.659897668054,126987.5881546661,301.74289419456386,145.8288761984569,0.9974910189555118,443
339000,81342.15512137083,45580.27234786376,126922.4274692346,299.43449305038337,145.60614777554463,0.9990168446497921,443
340000,81339.56936316536,45974.96904571506,127314.53840888041,302.02740879094284,144.99458200202798,1.0032305504374048,443
341000,81147.2529244335,46557.81365856505,127705.06658299855,305.8563411817793,144.6649507959387,1.005516495267212,443
342000,81433.03138280034,45563.9766504881,126997.00803328844,299.3274402920026,145.25565389112748,1.0014274172168462,443
343000,81685.62405615314,45276.19155228307,126961.81560843621,297.4368683285265,144.12828669757533,1.0092605528404097,443
344000,81497.46849651507,45565.102399066964,127062.57089558203,299.3348357711793,144.6910404547355,1.0053351876880168,443
345000,81348.88582758748,44966.34554002463,126315.23136761211,295.4013696615547,144.87362719353368,1.0040681463577559,443
346000,81337.84029550443,45689.83348663291,127027.67378213734,300.15424267791934,144.76489386512557,1.0048223048321423,443
347000,81284.58901759991,45474.41249768308,126759.00151528299,298.7390586235918,145.28232268897094,1.0012435898602188,443
348000,81864.0779250761,44751.97866112401,126616.05658620011,293.99311046510854,145.28833140831608,1.0012021812235492,443
349000,81088.68916342445,45100.661925147,126189.35108857145,296.28374610679685,145.76382340931843,0.9979361882122306,443
350000,81417.48727245812,45227.63311879523,126645.12039125335,297.1178691394962,145.21307086934104,1.0017210809020063,443
351000,81796.52852717595,45473.15343589033,127269.68196306628,298.730787358191,145.69988437577678,0.9983741231885271,443
352000,82197.20099475156,45191.44422854483,127388.6452232964,296.8801302790636,146.14454516991412,0.9953364605104776,443
353000,81263.90319231365,44504.971736082865,125768.87492839652,292.3704261420497,145.79052193525274,0.9977534367902033,443
354000,81175.95697495155,45079.9021871523,126255.85916210385,296.14736733365436,145.12927629821425,1.0022994534433973,443
355000,81088.01024101651,45494.40740392264,126582.41764493915,298.87041292019927,144.8765900788383,1.0040476120619524,443
356000,81341.24769759315,45432.25397839362,126773.50167598677,298.46210295393604,145.00968704322526,1.00312604818584,443
357000,81732.60962712509,45334.9311087135,127067.54073583859,297.82275126418597,145.27153289874144,1.0013179554849743,443
358000,81249.57832313204,45424.52862827247,126674.10695140451,298.411352131749,145.3656206165847,1.00066985367887,443
359000,80946.9754830132,45317.41268194502,126264.38816495822,297.7076659220356,145.14462784943322,1.0021934429652675,443
360000,80855.06659840234,45561.338154420606,126416.40475282294,299.3101069876653,144.84850310307903,1.004242302792868,443
361000,80952.93277132613,45641.00030594412,126593.93307727025,299.833438567931,145.22804993015785,1.0016177617360495,443
362000,80926.02693407354,45640.815149022965,126566.8420830965,299.83222220027966,145.04268429569453,1.0028978367208412,443
363000,80923.23889404672,45552.83319676784,126476.07209081456,299.25423462113497,144.35695146633574,1.0076618606500438,443
364000,81189.68369688053,46079.44578388985,127269.12948077038,302.7137570183552,144.21496889094826,1.008653924283903,443
365000,80924.39258622023,45786.27943569748,126710.67202191771,300.78783353592274,144.67083310527278,1.0054756110133598,442
366000,80559.29229589671,45143.63805385603,125702.93034975274,296.5660729699416,144.11593739483865,1.009347036433637,442
367000,80861.13736454479,45217.770184377674,126078.90754892246,297.05307569673715,144.80395207564695,1.00455127244279,443
368000,80895.33173218765,45518.92226913874,126414.2540013264,299.03146058095393,144.71373259778926,1.0051775439766255,443
369000,81148.91650918283,45260.58379439823,126409.50030358107,297.3343349115642,145.22757554012534,1.0016210335491387,443
370000,81370.35530168767,45596.7703103784,126967.12561206607,299.54287456693584,145.4913382023718,0.9998051850344767,443
371000,81325.19792119917,45654.546957097016,126979.74487829619,299.9224317751137,145.31023772403697,1.0010512445006736,443
372000,81337.98781754944,45780.54250968911,127118.53032723855,300.75014544319106,144.75956269866234,1.0048593101592735,443
373000,80909.05574173408,45714.390138851944,126623.44588058602,300.3155648537085,145.50570897781975,0.9997064399343237,443
374000,80708.0655728179,45162.788235892775,125870.85380871067,296.69187794552914,144.61290583920467,1.0058783721148408,443
375000,81109.52291690427,45569.536382106715,126679.05929901099,299.3639643260411,144.80138033646864,1.004569113735863,442
376000,80922.04212068167,45522.29934728035,126444.34146796202,299.0536459174874,145.73688616617832,0.9981206415132949,443
377000,81135.48280007049,45164.36646952899,126299.84926959948,296.7022459746003,146.1364007983946,0.9953919319048534,443
378000,81000.59462167136,45545.45382765506,126546.04844932642,299.20575668242384,145.38217316737158,1.0005559219758762,443
379000,80874.41053538857,45380.517819738336,126254.9283551269,298.1222280554034,144.99978357321234,1.00319456158974,442
380000,80777.82186811374,45263.08807751513,126040.90994562887,297.3507865189579,145.2281131062352,1.0016173260195766,442
381000,80626.20466345892,45865.4479475352,126491.65261099412,301.30792220557265,144.98942753701678,1.0032662159121792,442
382000,81496.02874259572,44998.72616337094,126494.75490596666,295.61409053918265,144.8240522247354,1.0044118506407282,442
383000,81362.93901169638,46249.475145574426,127612.4141572708,303.83074586236955,144.688304488932,1.0053541979508316,442
384000,81613.45129582184,45396.34410048061,127009.79539630245,298.2261970337976,145.91339925353125,0.9969132036982243,442
385000,80976.13253710477,44944.78186150687,125920.91439861164,295.25970949120756,145.5120028616331,0.9996631992664979,442
386000,81476.30360939514,44952.05255574174,126428.35616513688,295.30747350248265,145.4631487698547,0.9999989381673636,442
387000,80894.97495281103,45268.38956846343,126163.36452127446,297.38561406984223,145.43174999451,1.00021483835426,442
388000,80811.34248223901,45028.51223986293,125839.85472210194,295.80976683190573,145.36527064590533,1.0006722628176346,442
389000,81124.56470365982,45093.14444522117,126217.709148881,296.2343608645713,145.96965862014503,0.9965289751815646,442
390000,81055.3765889293,45727.52287727338,126782.89946620268,300.4018389075706,145.92604433829524,0.9968268171178147,442
391000,80949.27401626314,45426.00276409462,126375.27678035776,298.4210363018923,145.5218542702553,0.9995955249593642,442
392000,81487.70562872602,45654.280147082405,127141.98577580843,299.92067899661214,146.10079302051852,0.9956345294573932,442
393000,80693.55928267768,45671.748804001836,126365.30808667952,300.0354373813146,144.743342477444,1.0049719166531206,442
394000,81342.25310039677,45378.134876722004,126720.38797711878,298.1065735782073,145.48240912420263,0.9998665487327055,442
395000,81173.27976256234,45222.03945846576,126395.3192210281,297.0811222145926,145.03284297375288,1.0029658891721573,442
396000,80956.76602715193,45131.17189113237,126087.9379182843,296.48417791045284,145.26233179734047,1.001381380241613,442
397000,81634.97736969191,45999.42373269214,127634.40110238406,302.18806111749774,145.42885569263066,1.0002347444703645,442
398000,81195.22240608677,45417.28482372034,126612.50722980712,298.36376476923243,145.48349896565162,0.9998590585636072,442
399000,80994.34118971543,45047.23376559862,126041.57495531405,295.93275579794374,145.30285799294677,1.0011020865081468,442
400000,80990.6149183994,45596.21593713871,126586.83085553811,299.5392326740415,145.5843666382623,0.9991663093453711,442
401000,81088.46104691955,45177.95048924617,126266.41153616572,296.7914846703799,145.11934329740689,1.0023680579523075,0
402000,81240.14102889929,45410.03120835358,126650.17223725287,298.3161129556682,145.45965828675463,1.000022934369712,441
403000,80868.05683724344,46020.47177278681,126888.52861003025,302.3263338589889,145.5413774409428,0.9994614374964352,440
404000,80846.48738691685,45542.73510466865,126389.2224915855,299.18789633633014,145.1534208705492,1.002132732662655,442
405000,81014.19037641809,45321.17180024367,126335.36217666176,297.73236102858266,145.12817192726342,1.002307080566276,443
406000,81142.88935984916,45816.57692822197,126959.46628807113,300.9868695189799,145.56333988182007,0.9993106398247966,443
407000,81074.00375852638,45579.37235982297,126653.37611834935,299.42858067977073,145.54358979048592,0.9994462450852971,443
408000,81270.99647220242,45015.80151947308,126286.7979916755,295.7262651782256,145.32821573262436,1.0009274082051591,443
409000,81263.2668900067,44784.279174584546,126047.54606459124,294.20530506981623,145.27537873352145,1.0012914478726544,443
410000,80954.72173254637,45309.21456492558,126263.93629747196,297.6538093106721,144.75074314933164,1.0049205354494761,444
411000,81411.32453725077,45031.46484568948,126442.78938294025,295.82916364511703,145.64809110272478,0.9987291505917624,444
412000,80683.31115287423,45155.50785987871,125838.81901275294,296.64405033089025,144.53881915355754,1.0063939581365788,445
413000,81355.40886179931,45707.19222015422,127062.60108195353,300.2682789331721,145.06090180380244,1.0027718875557339,445
414000,81292.87884369158,46011.28652516473,127304.16536885631,302.2659924037148,144.7557847776338,1.004885535564527,444
415000,80809.70206407376,45678.68825771357,126488.39032178733,300.0810253450802,145.7750664836398,0.9978592212040674,445
416000,81389.95911722133,45302.824768300634,126692.78388552196,297.6118322575627,145.81785950555079,0.9975663804528597,445
417000,81400.12641439246,45873.29802690586,127273.42444129832,301.3594924225916,145.25547412218805,1.0014286565886896,445
418000,81397.87379198143,45766.83542277524,127164.70921475667,300.6600982712495,145.28400890653697,1.00123196907317,445
419000,81177.07596688281,45408.8178217751,126585.89378865791,298.30814174847063,144.68639999863194,1.0053674313115217,445
420000,81240.45519762259,45384.01071367599,126624.46591129858,298.1451742308347,145.09764401073573,1.0025179616394957,445
421000,81151.57369073934,45402.341534464125,126553.91522520347,298.2655965044886,145.29364998143961,1.0011655315350532,444
422000,81236.56165468536,45896.80846740201,127133.37012208736,301.51394162766934,145.13885117357617,1.0022333312971599,444
423000,81516.16926922105,45515.07489029481,127031.24415951586,299.0061856566421,144.89877425299125,1.0038938911819888,444
424000,81040.66968843396,45308.511136036366,126349.18082447033,297.64918821338614,144.9765582850516,1.003355273659676,445
425000,81070.76503190014,45690.32449945173,126761.08953135187,300.1574683316268,145.34017678147396,1.000845034962677,444
426000,81218.34782147169,45270.00086922315,126488.34869069484,297.39619932967685,145.99885217408152,0.9963297118178255,444
427000,81893.95179918053,45392.24057428469,127286.19237346522,298.19923937815184,145.62411080617744,0.9988936138874974,444
428000,81308.55147412285,45894.97488747421,127203.52636159706,301.50189612974077,144.94362183376012,1.0035832723924305,444
429000,80882.95055442952,45169.664085450466,126052.61463987999,296.73704806893,145.50562415031393,0.9997070227475611,444
430000,80684.23759581003,45106.8514136388,125791.08900944883,296.3244072580651,145.25792145813347,1.0014117843085175,444
431000,81106.02218355259,45982.81291485438,127088.83509840697,302.0789382105427,145.73967026866916,0.9981015741573783,444
432000,81212.96311077126,45324.43411604734,126537.3972268186,297.7537924467933,144.92255998943452,1.0037291248715234,444
433000,81830.71182680191,45487.9875811534,127318.69940795531,298.82823861369866,145.85787919225737,0.9972926736484292,444
434000,81619.10303184754,45843.88953661226,127462.9925684598,301.16629664009963,145.46095688151294,1.0000140067195122,444
435000,81404.69596188838,46164.222621885594,127568.91858377398,303.2706889584264,145.30040960778692,1.0011189555830429,444
436000,80608.82472480938,44831.92462972645,125440.74935453583,294.5183065498795,145.59399757732245,0.9991002152069014,444
437000,80865.44749950679,45436.595907772426,126302.04340727921,298.49062677258456,145.08983510550001,1.0025719183329735,444
438000,82280.14802760552,45214.87046300189,127495.01849060741,297.0340263020008,145.38603350606223,1.0005293548796796,444
439000,81424.93625300072,45202.00615979157,126626.9424127923,296.94951570318665,145.2986791138287,1.0011308788180964,444
440000,81221.03778148821,45586.18363965233,126807.22142114054,299.4733266195748,144.898123494859,1.0038983998125897,444
441000,81274.65798905864,46089.322484771954,127363.9804738306,302.77864089836083,144.91404922961456,1.0037880735901015,445
442000,81328.36333078283,44843.33382855193,126171.69715933476,294.5932580034458,145.53932770094374,0.999475513664838,445
443000,80726.33323478076,45104.722274165135,125831.0555089459,296.31042011481014,145.04226632474683,1.0029007267898524,445
444000,80623.16442986281,45246.99911157484,125870.16354143765,297.2450918595827,144.28337003960874,1.0081757466047776,445
445000,80863.1044786,45574.8082549707,126437.9127335707,299.39859730423854,144.54445461026668,1.0063547211447572,445
446000,81681.5704500417,45223.280382667814,126904.85083270952,297.08927432712323,144.67073043620823,1.0054763245733183,445
447000,81214.27933207629,45331.9070518699,126546.18638394619,297.8028850615225,144.62930295684527,1.0057643322511167,445
448000,80530.20463952751,45541.50483733043,126071.70947685794,299.1798142328726,144.1220558447868,1.0093041863695955,445
449000,79837.6575397244,45075.033362818416,124912.69090254282,296.11538213762395,144.84614652965143,1.0042586413064032,445
450000,80916.50118913135,45589.04243840091,126505.54362753226,299.4921071776961,145.01253390789364,1.003106354963278,445
451000,80755.7386036907,45279.467178893974,126035.20578258467,297.4583871905941,145.48471906034035,0.9998506733343219,445
452000,81032.0021016277,45831.451452949084,126863.45355457679,301.0845860428532,145.18048665617317,1.001945906524145,445
453000,81059.17381958567,45517.37845349405,126576.55227307972,299.02131865702233,145.18106946719416,1.0019418843391665,445
454000,81209.73898990187,45578.89533357788,126788.63432347975,299.4254469092926,145.15844293755228,1.0020980617359936,445
455000,81590.92796774948,45642.20786742028,127233.13583516976,299.8413715077712,144.84857278144958,1.0042418197092864,445
456000,80471.62494361284,45745.82644288885,126217.45138650169,300.5220821314209,144.78646062798256,1.0046726308621612,445
457000,81376.987202635,45581.37046616594,126958.35766880095,299.44170701555265,145.43644218118519,1.0001825686241532,445
458000,80945.52854329089,45002.69040735725,125948.21895064814,295.6401331959555,144.1152412425537,1.009351912109795,445
459000,81082.01554526287,45439.18245481321,126521.19800007608,298.5076188036106,145.7724631589077,0.99787704179606,445
460000,80881.79977288729,44930.693870801944,125812.49364368923,295.1671600144815,144.97772429572032,1.0033472039858051,445
461000,80702.66051931214,45473.40320152743,126176.06372083956,298.7324281655638,143.7742675338631,1.0117456816677928,445
462000,80483.05209149158,45437.964405357314,125921.0164968489,298.4996169641623,144.34743821834456,1.0077282708149207,445
463000,80585.10645259969,44957.156097795814,125542.2625503955,295.34100065028156,144.58536354692856,1.006069983460826,445
464000,80539.50860287395,44911.312512481585,125450.82111535553,295.03983635219635,144.89009437147388,1.0039540311112867,445
465000,80826.4250071877,45354.626122552436,126181.05112974014,297.9521354512631,144.7878372517124,1.004663078566812,445
466000,80916.77562290698,45283.62202479085,126200.39764769783,297.48568198526624,144.80318018713464,1.0045566273085205,445
467000,80545.44643329256,45635.57835354144,126181.024786834,299.7978196590168,144.5129481695124,1.0065741247054842,445
468000,81148.23257244175,45286.49009813368,126434.72267057543,297.5045234717955,144.760050695966,1.0048559227009828,445
469000,81091.25103702699,45190.009313583374,126281.26035061036,296.870703765971,144.13682343050414,1.0092007777767575,445
470000,80577.12049007628,45441.26175635698,126018.38224643326,298.52127854216826,144.4791137660752,1.0068098462166217,445
471000,79958.09942367987,45164.54699946195,125122.64642314182,296.703431945771,144.69355049400409,1.0053177478588704,445
472000,80924.78815706895,45777.032986707985,126701.82114377694,300.7270900251215,144.93488407432713,1.0036437759024113,445
473000,80422.28281886296,45870.35261985543,126292.6354387184,301.3401429009336,144.19694954639846,1.0087799691319412,445
474000,80407.60420200464,45109.3469873335,125516.95118933814,296.3408016498853,144.7970296283755,1.0045992979667446,445
475000,80862.46829028151,44893.958660295175,125756.42695057669,294.9258321643264,145.5035474563668,0.9997212910287084,445
476000,81015.03638075001,45368.951261066366,126383.98764181638,298.0462428439539,145.71218844930942,0.9982898195434065,445
477000,81257.17702769194,45514.50643926673,126771.68346695867,299.00245128129393,144.96802191637607,1.003414355727675,445
478000,80832.29208672888,44944.94845146348,125777.24053819236,295.26080388526526,145.00975838119288,1.003125554695096,445
479000,80673.59872372463,44912.16050576558,125585.75922949021,295.0454071490789,144.6950039642709,1.0053076493798963,445
480000,80681.32679796571,45705.661590443924,126386.98838840963,300.2582236327594,144.95419547769154,1.0035100662865788,445
481000,81320.4877551349,45888.53708061832,127209.02483575323,301.4596036787976,145.17150569368647,1.0020078914058006,445
482000,81226.63176552267,45879.118886602344,127105.75065212502,301.3977319082847,145.400734982603,1.0004281912999984,445
483000,80705.81068641238,45706.86509435365,126412.67578076603,300.2661299168716,144.73101212694203,1.005057535179481,445
484000,81037.17299811845,45646.62765322835,126683.8006513468,299.87040679551,145.05206354135638,1.0028329881074902,445
485000,80743.13360123336,45146.76505861711,125889.89865985047,296.5866154774162,145.07293013501203,1.0026887454259104,445
486000,81361.40937741697,45323.238416068256,126684.64779348523,297.7459374297292,145.00063136372765,1.0031886961060776,445
487000,80431.29494372717,45386.748091099435,125818.04303482661,298.1631571251628,144.88123862136956,1.004015397000344,445
488000,81087.89078997393,45336.843158892356,126424.73394886628,297.8353122636382,145.20480766909932,1.0017780860522538,445
489000,81093.74399846626,45963.02835630556,127056.77235477182,301.94896576952516,144.70568025742025,1.0052334784202563,445
490000,80826.03267869542,44795.04257691244,125621.07525560787,294.2760140356371,145.03494502996585,1.0029513527397251,445
491000,80833.53414184152,45854.95882214513,126688.49296398665,301.2390150713689,145.74114838158656,0.9980914513688178,445
492000,81210.07576281304,44840.059518016875,126050.13528082991,294.57174778719104,145.3732409546564,1.0006173994408472,445
493000,80982.13325782979,45337.938343426096,126320.07160125588,297.84250695574434,145.44690777410005,1.0001106007579128,445
494000,79986.34460122918,44947.58613868849,124933.93073991768,295.27813187600253,144.7228726353984,1.0051140615402387,445
495000,80145.1655357019,44662.15190496936,124807.31744067126,293.4030036534105,145.02249108038708,1.0030374821771935,445
496000,80899.80783237159,44754.380037528696,125654.18786990028,294.0088860383845,144.72936632751347,1.0050689642567932,445
497000,80730.14625554229,45290.02878421382,126020.17503975611,297.527770473577,145.10895871464038,1.002439791456238,445
498000,80268.87859782774,45404.5398847973,125673.41848262504,298.28003832073176,145.21558226159055,1.0017037569033032,445
499000,80584.32170842408,45211.317818266834,125795.63952669091,297.01068760039954,144.96102018905478,1.0034628214027916,445
500000,81300.53416036282,45797.13435874623,127097.66851910905,300.85914373686666,144.8550960913989,1.004196595337961,445
501000,81017.44975923319,45882.29637678736,126899.74613602055,301.41860607409615,145.6053879733769,0.9990220577478425,0
502000,80817.47840458722,45444.69381483295,126262.17221942017,298.5438250658491,144.45730728059908,1.0069618287275934,443
503000,81199.45802657204,45591.53001426626,126790.9880408383,299.5084490286724,145.25548965254382,1.0014285495184276,444
504000,80767.26879806336,45153.62560911849,125920.89440718186,296.63168509538053,145.5109395354603,0.9996705043395541,445
505000,81477.77012062876,45608.12447274593,127085.89459337469,299.617464464657,145.27726787358645,1.001278427392447,446
506000,80658.37474763766,45323.66951621417,125982.04426385183,297.7487694938437,145.27198299994464,1.001314853066963,445
507000,80140.16652194096,45300.23181067384,125440.3983326148,297.59479811291004,144.57836293221786,1.0061186982766768,445
508000,80591.40853868486,44615.575332521345,125206.9838712062,293.0970240784628,145.06874946573902,1.0027176414496497,445
509000,80740.87851090319,45592.61537227739,126333.49388318058,299.515579166539,144.57704915495066,1.0061278409164085,444
510000,80127.26019679298,45643.58560572378,125770.84580251676,299.8504224052148,145.38409261117593,1.0005427120652808,444
511000,81151.25711612953,45767.55132279929,126918.80843892883,300.66480129625864,144.370209963739,1.0075693202141316,443
512000,80656.52687025585,45136.68848279631,125793.21535305216,296.52041854139185,144.5781345421145,1.006120287642553,444
513000,80614.78599291402,44949.88068798155,125564.66668089558,295.293205660536,144.7304325435194,1.00506156000464,444
514000,80913.28399242394,45237.09267850593,126150.37667092987,297.1800126573065,145.0776706931828,1.0026559815670604,444
515000,80695.29999215514,45844.006592451595,126539.30658460673,301.1670656253229,144.41995519708055,1.0072222644982267,444
516000,81132.37859491087,45649.90101668786,126782.27961159873,299.89191079005803,144.69234946930266,1.0053260925395144,445
517000,81065.5440389617,45098.455676559126,126163.99971552083,296.26925240385424,145.15074391061736,1.0021512146152751,444
518000,80819.670403214,45366.49738767557,126186.16779088957,298.03012239760875,145.0815172811176,1.00262939786106,444
519000,80860.42106729912,46309.06037151092,127169.48143881003,304.22218432911274,144.99640680471208,1.0032179246224515,443
520000,81764.46593239348,45818.66090170806,127583.12683410154,301.0005599493393,145.90383655692685,0.9969785424770589,443
521000,81463.50609616391,45320.34425644728,126783.85035261119,297.72692457231796,145.38130727924553,1.0005618812667127,443
522000,81159.36481861869,45394.02197865443,126553.38679727312,298.2109421145967,145.04077558079456,1.0029110347062793,443
523000,81098.34008718617,45602.55985415785,126700.89994134402,299.5809083262202,145.2901584030808,1.0011895913058038,443
524000,81052.24584302097,45079.96237417089,126132.20821719186,296.1477627255306,145.31467995530858,1.001020642629313,443
525000,81068.8448701757,45448.67905015417,126517.52392032987,298.5700056228451,144.61879091685856,1.0058374391745726,443
526000,80444.06833795953,45549.269140373915,125993.33747833344,299.2308209519192,144.67189678674958,1.0054682183835086,443
527000,80942.58200187382,45437.177827962034,126379.75982983585,298.4944496320805,144.61935602240771,1.0058335088271138,443
528000,81116.39818338567,45569.82733969437,126686.22552308004,299.36587573931865,145.05886924817906,1.002785938331461,443
529000,81075.28127133223,45549.82114037627,126625.1024117085,299.2344472540968,145.0001472281548,1.0031920456153254,443
530000,81131.91767081167,45421.0385874277,126552.95625823937,298.38842469939175,145.08973731189909,1.0025725940879917,443
531000,81240.40718694509,45441.113240815175,126681.52042776026,298.5203028859538,144.8962423620639,1.0039114330436247,443
532000,80600.50032359597,45888.277436469216,126488.77776006519,301.45789797564674,144.87594911098464,1.0040520542226206,443
533000,80888.69673489858,45674.45055609115,126563.14729098973,300.0531862390011,144.84899445006752,1.0042388962698672,443
534000,80707.73428353967,45455.161740641575,126162.89602418125,298.61259293177744,145.1953603718316,1.0018432678552465,443
535000,80812.4030643926,45725.82188184222,126538.22494623481,300.3906644086399,145.14182559239535,1.0022127923403867,443
536000,80882.51755058838,45599.65987241594,126482.17742300432,299.5618572210377,144.42023420599085,1.0072203186214044,443
537000,80403.88885731166,45649.02667133935,126052.915528651,299.88616687623977,145.14116386792475,1.00221736160738,443
538000,80868.81620367942,45196.95240442129,126065.76860810071,296.91631562342957,145.1048564542526,1.0024681314384283,443
539000,80566.5681808801,45925.039074695786,126491.60725557589,301.6993994397465,145.02379066980942,1.0030284937422889,443
540000,80551.13147755191,45281.64728511218,125832.7787626641,297.47270915416783,145.15243681008252,1.0021395266182114,443
541000,81414.03611129915,45600.34846897388,127014.38458027304,299.56638087898494,145.66238190337418,0.9986311662048031,443
542000,81181.38745216298,45343.250341319595,126524.63779348257,297.877403530828,145.32145125381967,1.0009739997591205,443
543000,81578.31887249302,45254.25404906925,126832.57292156227,297.29275235871637,145.69559475141415,0.9984035176940314,443
544000,81190.16629909645,44983.472687230445,126173.6389863269,295.5138845364513,144.94649153540934,1.0035634030976213,443
545000,80592.36134802073,45505.85592283786,126098.21727085859,298.94562268269027,144.31431632882564,1.0079595567004802,443
546000,81144.45979840151,45225.04179873178,126369.50159713329,297.10084575263244,145.17638154857298,1.001974238238381,443
547000,80828.25753489166,45353.48639575433,126181.74393064599,297.944648143741,144.14878459580657,1.0091170364024533,443
548000,80601.88074426548,45825.67597941775,126427.55672368323,301.04664471648755,144.9066676299879,1.00383920692848,443
549000,80728.58918789134,46035.31190318102,126763.90109107236,302.4238244331451,144.72702053154225,1.0050852548341744,443
550000,81528.24794137996,45519.64884508471,127047.89678646467,299.0362337402361,145.11553370307982,1.0023943722659427,443
551000,80671.40407254687,45245.80177953886,125917.20585208572,297.23722612090364,145.06362524748354,1.0027530613837279,443
552000,80156.52113867225,44870.92931837315,125027.4504570454,294.7745434824362,144.01772644267857,1.0100353470739771,443
553000,80000.14365812793,45650.868992528005,125651.01265065593,299.8982697989022,144.2081259494599,1.008701786772514,443
554000,80843.12790542841,44940.87255032081,125784.00045574922,295.2340277093121,145.409327470136,1.0003690742755893,443
555000,80563.49747898089,45467.87925543415,126031.37673441504,298.6961392205252,145.68594465405107,0.9984696509862736,443
556000,80610.19566249085,45411.61958998325,126021.8152524741,298.32654765084555,144.82515163274195,1.004404225871011,443
557000,81379.6793922419,45508.20918491064,126887.88857715254,298.96108217425274,145.15699805299673,1.0021080365634698,443
558000,80813.12785055142,44824.93084427342,125638.05869482484,294.47236165982605,144.66084939147134,1.0055450035323232,442
559000,81556.50992385048,45408.53536812472,126965.0452919752,298.30628620085645,145.38797974907573,1.000515961246519,442
560000,80513.01104765115,45611.182167853156,126124.1932155043,299.63755165012515,143.57503046184783,1.0131496670724358,442
561000,80838.26317757016,45910.014186469896,126748.27736404006,301.60069511971255,144.3972677225917,1.0073805176964405,442
562000,80959.89189197644,45280.891948258155,126240.7838402346,297.46774705332206,144.69590155997756,1.0053014131298006,442
563000,80742.5478930209,45044.25302538878,125786.80091840969,295.91317415905326,145.71909237901434,0.9982425222220553,442
564000,81578.93051418132,45937.93449200154,127516.86500618287,301.784114439125,146.1092987794184,0.9955765685518881,442
565000,81612.19137259354,45336.11598567225,126948.3073582658,297.8305351806304,145.7576362392896,0.9979785489490929,442
566000,81302.13123155682,45770.842133400496,127072.97336495732,300.68641990784954,144.71513235647922,1.0051678213859108,442
567000,80750.80990382977,45580.31362489954,126331.12352872931,299.4347642152459,145.02837248941196,1.0029968054902894,443
568000,81047.74535413797,45651.5852330022,126699.33058714017,299.9029750604605,145.51139406937338,0.9996673816689958,442
569000,80724.70927181523,44959.57443802222,125684.28370983744,295.3568876654839,145.35384690933847,1.000750908251266,443
570000,81365.24654954186,45142.602801060886,126507.84935060274,296.55927199267836,145.429003507776,1.0002337278241622,443
571000,80621.37814134933,45980.32415458467,126601.702295934,302.0625885787547,144.715593179072,1.0051646205971676,443
572000,81371.91557523047,45579.938705824316,126951.85428105478,299.4323012263816,145.15609445123079,1.002114274721054,443
573000,80971.2355282651,46038.26364846644,127009.49917673154,302.44321559312783,144.55648768271095,1.0062709508522005,443
574000,80915.44921686058,45695.99320529564,126611.44242215622,300.1947082596305,145.84849630817754,0.997356832565301,443
575000,80707.62887232471,45395.53071765113,126103.15958997584,298.2208536064187,145.1859601982332,1.0019081329470458,443
576000,81273.96173678167,45282.95234936045,126556.91408614212,297.48128262754676,145.16738291532653,1.002036348600304,442
577000,81264.66916333669,45647.60581183364,126912.27497517032,299.876832698889,144.68738958641833,1.005360555112195,442
578000,81299.33093170408,45566.111519219005,126865.44245092309,299.3414650729713,144.9485294784597,1.0035492932265497,442
579000,80672.38723681774,45618.39596934314,126290.78320616088,299.68494191088604,144.67007803177495,1.0054808588710848,443
580000,80304.9896991317,45743.7562781563,126048.745977288,300.50848241612107,144.7949766355381,1.0046135417976503,443
581000,80582.64260137672,45257.99016320985,125840.63276458657,297.3172963420241,144.48122358272946,1.0067951440696676,443
582000,80468.80322922303,45638.65494313452,126107.45817235755,299.818030969693,144.40100888379894,1.0073544183433758,443
583000,81317.82625780156,45033.892249636585,126351.71850743814,295.84511020341716,144.83023762275266,1.004368954301045,443
584000,80751.81696689592,45982.08334338269,126733.90031027861,302.0741453724898,144.99559551018564,1.0032235379323469,443
585000,81287.6338977793,45247.01908502763,126534.65298280693,297.2452230729432,146.1455080361765,0.9953299028275874,443
586000,80157.31247104949,45992.73510740261,126150.0475784521,302.14412094295267,145.52549341669808,0.9995705281398141,443
587000,81173.78319197812,44953.05940228797,126126.84259426608,295.3140878680759,144.90437145094197,1.00385511393342,442
588000,81463.02889569834,45101.957789086504,126564.98668478485,296.292259139778,146.0722346581654,0.9958291844630487,442
589000,81177.37096341429,45324.88890463498,126502.25986804927,297.75678012947196,144.62343533510938,1.0058051378414654,442
590000,80540.67400828042,44960.529151400086,125501.2031596805,295.36315954806787,145.14703110739717,1.0021768492440262,442
591000,80634.87650385872,45609.6704089127,126244.54691277142,299.62762031912087,144.75366928753914,1.0049002213780696,442
592000,80439.31090493553,45119.72039075557,125559.0312956911,296.408948561584,144.12774410905791,1.0092643523391838,442
593000,80720.16159725693,45717.66625267966,126437.82784993658,300.3370869164924,144.49932468079757,1.0066690251575026,442
594000,80553.60496221183,45130.60640483594,125684.21136704777,296.48046301157717,145.09221944954675,1.0025554427673369,442
595000,81172.06886013373,44914.53724631085,126086.60610644458,295.0610208798363,145.13249416057533,1.002277230565575,442
596000,80656.23623954304,45606.99452963332,126263.23076917636,299.61004142996086,144.3297833762554,1.007851539090351,442
597000,81349.56897790314,45831.14626607718,127180.71524398032,301.0825811518868,145.43977439677013,1.0001596531324537,442
598000,81018.22374896417,45178.19596657925,126196.41971554342,296.7930973062199,146.15486642705807,0.9952661712084189,442
599000,80889.68309054236,45960.40428146988,126850.08737201223,301.9317272038547,145.195965632535,1.0018390915934725,442
600000,80267.49199478547,45437.63633356872,125705.12832835419,298.4974617332994,145.1978986414878,1.0018257541832798,442
