,Id,Temperature (K),Pressure (kPa),Phase,N Components,Component 1,Role 1,Mole Fraction 1,Exact Amount 1,Component 2,Role 2,Mole Fraction 2,Exact Amount 2,Density Value (g / ml),Density Uncertainty (g / ml),EnthalpyOfMixing Value (kJ / mol),EnthalpyOfMixing Uncertainty (kJ / mol),Source
0,-6054070973279583175,298.15,101.325,Liquid,1,CCCCN(CCCC)CCCC,Solvent,1.0,,,,,,0.7733000000000001,0.0004,,,10.1021/je030147g
1,2505665590694738123,298.15,101.325,Liquid,1,NCCN,Solvent,1.0,,,,,,0.8953230000000002,0.0020005,,,10.1016/j.fluid.2016.08.014
2,6919918690996967417,298.15,101.325,Liquid,1,CCCCCCCCN(CCCCCCCC)CCCCCCCC,Solvent,1.0,,,,,,0.8074600000000002,0.001805,,,10.1021/je900586f
3,-8259612451377294682,298.15,101.325,Liquid,1,CCCCCN(CCCCC)CCCCC,Solvent,1.0,,,,,,0.7864100000000002,0.000815,,,10.1016/j.jct.2012.07.012
4,-5358985313542210980,298.15,101.325,Liquid,1,CCCCCCN(CCCCCC)CCCCCC,Solvent,1.0,,,,,,0.7962200000000003,0.001445,,,10.1016/j.jct.2012.07.012
5,-3868280789000847665,298.15,101.3,Liquid,1,CNCCCN,Solvent,1.0,,,,,,0.8480000000000002,0.0025,,,10.1021/acs.jced.6b01038
6,-4966924331480223766,298.15,101.325,Liquid,1,NCCNCCN,Solvent,1.0,,,,,,0.9455480000000004,4.950000000000002e-05,,,10.1016/j.tca.2011.06.003
7,-6510436440521340330,303.15,101.0,Liquid,1,CN(C)CCCN(C)C,Solvent,1.0,,,,,,0.7748000000000002,0.00055,,,10.1016/j.fluid.2013.11.028
8,-6219986370133359915,298.15,101.325,Liquid,1,OCCN1CCOCC1,Solvent,1.0,,,,,,1.0713,0.00047,,,10.1016/j.jct.2007.11.010
9,3652677319970296490,298.15,101.325,Liquid,1,CN(C)CCCN,Solvent,1.0,,,,,,0.8127840000000002,0.0004205,,,10.1021/acs.jced.7b00042
10,5258602791449984258,293.15,100.0,Liquid,1,CCCCCN,Solvent,1.0,,,,,,0.7541000000000002,0.0002,,,10.1016/j.jct.2008.01.006
11,-6481091629859104906,293.15,100.0,Liquid,1,CCCCCCCN,Solvent,1.0,,,,,,0.7749000000000001,0.0002,,,10.1016/j.jct.2008.01.006
12,6622298596764014095,313.15,101.3,Liquid,1,NCCCCCCN,Solvent,1.0,,,,,,0.8562000000000003,0.001,,,10.1016/j.fluid.2017.01.020
13,2714467235048229534,298.15,101.325,Liquid,1,NCCCN,Solvent,1.0,,,,,,0.8798100000000002,5.5000000000000016e-05,,,10.1016/j.tca.2006.08.006
14,-7516547689202761208,298.15,101.325,Liquid,1,CCCCNCCCC,Solvent,1.0,,,,,,0.7577840000000001,0.0010295,,,10.1021/je800026p
15,5550609920093156861,298.15,101.325,Liquid,1,C[C@@H](N)c1ccccc1,Solvent,1.0,,,,,,0.9653800000000002,8.000000000000002e-05,,,10.1016/j.jct.2005.10.019
16,8080507131392101600,298.15,101.0,Liquid,1,CN(CCO)CCO,Solvent,1.0,,,,,,1.0364200000000003,0.004165,,,10.1016/j.jct.2018.12.014
17,-4872565387895859872,298.15,101.325,Liquid,1,CCCNCCC,Solvent,1.0,,,,,,0.7336180000000002,0.0008875,,,10.1021/acs.jced.5b00802
18,-333740753996387501,298.15,101.325,Liquid,1,CCN(CC)CCCN,Solvent,1.0,,,,,,0.8213630000000003,0.0001525,,,10.1016/j.jct.2010.01.016
19,5991572863383024425,298.15,101.0,Liquid,1,NCCNCCO,Solvent,1.0,,,,,,1.0252800000000002,0.000275,,,10.1021/je060032n
20,-1323535253934061359,298.15,100.0,Liquid,1,CN(C)CCN,Solvent,1.0,,,,,,0.8143000000000001,0.00105,,,10.1021/acs.jced.5b00447
21,-567066718567809348,298.15,101.325,Liquid,1,CCCCCCCCN,Solvent,1.0,,,,,,0.7799500000000003,0.00042,,,10.1021/je0301895
22,1085150970976537574,298.15,101.325,Liquid,1,CNCc1ccccc1,Solvent,1.0,,,,,,0.9396000000000002,0.0031,,,10.1021/acs.jced.6b00667
23,-5108177292074096628,298.15,101.325,Liquid,1,CN(C)Cc1ccccc1,Solvent,1.0,,,,,,0.8951000000000002,0.001005,,,10.1021/acs.jced.6b00667
24,4665337019541998933,298.15,101.325,Liquid,1,c1ccc(CNCc2ccccc2)cc1,Solvent,1.0,,,,,,1.0222000000000002,0.00315,,,10.1021/acs.jced.6b00667
25,-2697134941052658497,298.15,100.0,Liquid,1,CCCCOCCCN,Solvent,1.0,,,,,,0.8426800000000001,0.000435,,,10.1021/acs.jced.7b00006
26,4318465752976797615,298.15,101.325,Liquid,1,CN1CCCCC1,Solvent,1.0,,,,,,0.8126200000000002,0.00023,,,10.1021/je200093f
27,-4959274527427251748,298.15,101.0,Liquid,1,CCOCCCN,Solvent,1.0,,,,,,0.8510180000000003,0.0004285,,,10.1021/je3003578
28,1067565609085001455,298.0,101.325,Liquid,1,NCCCNCCCN,Solvent,1.0,,,,,,0.9273600000000002,0.002095,,,10.1021/acs.jced.5b00922
29,-5180147097165962089,298.15,101.0,Liquid,2,CCCCOC(C)=O,Solvent,0.7735,,NC1CCCCC1,Solvent,0.2265,,0.8710000000000002,0.0003,,,10.1007/s10765-010-0752-6
30,1331330812085076839,298.15,101.0,Liquid,2,CCCCOCCO,Solvent,0.7705,,NC1CCCCC1,Solvent,0.2295,,0.8955000000000002,0.0003,,,10.1007/s10765-010-0752-6
31,-7333369968013764767,298.15,101.0,Liquid,2,CCCCOCCO,Solvent,0.2644999999999999,,NC1CCCCC1,Solvent,0.7355,,0.8762000000000002,0.0003,,,10.1007/s10765-010-0752-6
32,-1451740548071388745,298.15,101.0,Liquid,2,CCN(CC)CC,Solvent,0.2965,,c1ccccc1,Solvent,0.7035,,0.8072000000000003,0.00115,,,10.1007/s10765-006-0095-5
33,1593833224939507917,298.15,101.0,Liquid,2,CCCO,Solvent,0.7418,,Nc1ccccc1,Solvent,0.2582,,0.8672200000000002,0.000115,,,10.1007/s10765-007-0204-0
34,-1553250132937710191,298.15,101.0,Liquid,2,CCCO,Solvent,0.4893999999999999,,Nc1ccccc1,Solvent,0.5106,,0.9248400000000002,0.000125,,,10.1007/s10765-007-0204-0
35,6256712396259681570,298.15,101.0,Liquid,2,CCCO,Solvent,0.2354,,Nc1ccccc1,Solvent,0.7646,,0.97567,0.000135,,,10.1007/s10765-007-0204-0
36,-3582704845118814048,293.15,101.0,Liquid,2,CCCCCCC,Solvent,0.7363999999999999,,CCCCCCCCN(CCCCCCCC)CCCCCCCC,Solvent,0.2636,,0.7524700000000002,0.000155,,,10.1016/j.jct.2013.09.017
37,-520354483128218581,293.15,101.0,Liquid,2,CCCCCCC,Solvent,0.4921,,CCCCCCCCN(CCCCCCCC)CCCCCCCC,Solvent,0.5079,,0.7822800000000002,0.000195,,,10.1016/j.jct.2013.09.017
38,4350054790020048323,293.15,101.0,Liquid,2,CCCCCCC,Solvent,0.2981,,CCCCCCCCN(CCCCCCCC)CCCCCCCC,Solvent,0.7019,,0.7965500000000001,0.00024,,,10.1016/j.jct.2013.09.017
39,4402508105607313695,293.15,101.0,Liquid,2,CCCCCCCC,Solvent,0.7008,,CCCCCCCCN(CCCCCCCC)CCCCCCCC,Solvent,0.2992,,0.7623000000000001,0.00016,,,10.1016/j.jct.2013.09.017
40,-1186107202655936985,293.15,101.0,Liquid,2,CCCCCCCC,Solvent,0.5023,,CCCCCCCCN(CCCCCCCC)CCCCCCCC,Solvent,0.4977,,0.7829100000000001,0.000195,,,10.1016/j.jct.2013.09.017
41,-3359239471994511888,293.15,101.0,Liquid,2,CCCCCCCC,Solvent,0.2022,,CCCCCCCCN(CCCCCCCC)CCCCCCCC,Solvent,0.7978,,0.8020000000000002,0.000265,,,10.1016/j.jct.2013.09.017
42,-6591463069788814310,293.15,101.0,Liquid,2,CCCCCCCCC,Solvent,0.5031,,CCCCCCCCN(CCCCCCCC)CCCCCCCC,Solvent,0.4969,,0.7844500000000002,0.000195,,,10.1016/j.jct.2013.09.017
43,3791795235641849794,293.15,101.0,Liquid,2,CCCCCCCCC,Solvent,0.2057,,CCCCCCCCN(CCCCCCCC)CCCCCCCC,Solvent,0.7943,,0.8020700000000003,0.00026,,,10.1016/j.jct.2013.09.017
44,-4817604067864901538,298.15,101.0,Liquid,2,CN1CCOCC1,Solvent,0.2345,,c1ccccc1,Solvent,0.7655,,0.8868000000000001,0.000255,,,10.1016/j.jct.2007.11.002
45,-6372701585916273440,298.15,101.0,Liquid,2,CN1CCOCC1,Solvent,0.7545,,Cc1ccccc1,Solvent,0.2455,,0.9030800000000002,0.00046,,,10.1016/j.jct.2007.11.002
46,3207839009912069930,298.15,100.0,Liquid,2,CC(C)O,Solvent,0.2604999999999999,,CCNCC,Solvent,0.7395,,0.7255000000000001,0.0005,,,10.1016/j.jct.2015.04.017
47,724615070611922704,298.15,100.0,Liquid,2,CCOC(=O)OCC,Solvent,0.2537,,Nc1ccccc1,Solvent,0.7463,,1.0064000000000002,0.0005,,,10.1016/j.jct.2016.08.001
48,365709938917884679,298.15,100.0,Liquid,2,CCOC(=O)OCC,Solvent,0.5468,,Nc1ccccc1,Solvent,0.4532,,0.9930000000000002,0.0005,,,10.1016/j.jct.2016.08.001
49,-3730412555484272593,298.15,100.0,Liquid,2,CCOC(=O)OCC,Solvent,0.7559,,Nc1ccccc1,Solvent,0.2440999999999999,,0.9825000000000004,0.0005,,,10.1016/j.jct.2016.08.001
50,-225555989371779298,298.15,100.0,Liquid,2,CCCCCCC,Solvent,0.7404999999999999,,CNc1ccccc1,Solvent,0.2595,,0.7424910000000001,0.00014,,,10.1021/je400134d
51,9119585085410510637,298.15,100.0,Liquid,2,C1CCCCC1,Solvent,0.4945,,CNc1ccccc1,Solvent,0.5055,,0.8759620000000002,0.0001835,,,10.1021/je400134d
52,-3215493356237681528,313.15,101.0,Liquid,2,CN(CCO)CCO,Solvent,0.2593,,O,Solvent,0.7407,,,,-2.271,0.046,10.1016/j.jct.2007.03.010
53,8336811609801009006,313.15,101.0,Liquid,2,CN(CCO)CCO,Solvent,0.4941,,O,Solvent,0.5059,,,,-2.072,0.042,10.1016/j.jct.2007.03.010
54,4086231375292240124,313.15,101.0,Liquid,2,CN(CCO)CCO,Solvent,0.7411,,O,Solvent,0.2589,,,,-1.154,0.0125,10.1016/j.jct.2015.06.006
55,8125991521844044950,298.145,101.325,Liquid,2,CN(CCO)CCO,Solvent,0.2571,,O,Solvent,0.7429,,1.0522550000000004,0.000221,,,10.1021/je030120x
56,4442580057157127272,298.148,101.325,Liquid,2,CN(CCO)CCO,Solvent,0.4849,,O,Solvent,0.5151,,1.048636,0.0002475,,,10.1021/je030120x
57,-2446676460997828316,298.148,101.325,Liquid,2,CN(CCO)CCO,Solvent,0.743,,O,Solvent,0.257,,1.0405100000000005,0.000286,,,10.1021/je030120x
58,-2543395395884617191,298.15,101.0,Liquid,2,CN(C)CCO,Solvent,0.7075,,CO,Solvent,0.2925,,0.8766100000000002,0.00017,,,10.1016/j.tca.2014.03.038
59,4561209400577519667,298.15,101.0,Liquid,2,CCO,Solvent,0.6995,,CN(C)CCO,Solvent,0.3005,,0.8345000000000002,0.000135,,,10.1016/j.tca.2014.03.038
60,4253799397614533497,298.2,100.0,Liquid,2,CCO,Solvent,0.7335,,CN(C)CCO,Solvent,0.2665,,,,-0.3657,0.004,10.1021/je800334m
61,2641769204867805567,293.15,101.0,Liquid,2,CC(C)CO,Solvent,0.7993,,NCCCO,Solvent,0.2007,,0.8371000000000002,0.00015,,,10.1016/j.jct.2012.02.036
62,-7019907654507139798,293.15,101.0,Liquid,2,CC(C)CO,Solvent,0.499,,NCCCO,Solvent,0.501,,0.8919000000000001,0.00015,,,10.1016/j.jct.2012.02.036
63,3254129917788205924,293.15,101.0,Liquid,2,CC(C)CO,Solvent,0.2992,,NCCCO,Solvent,0.7008,,0.9295000000000002,0.00015,,,10.1016/j.jct.2012.02.036
64,6947783401665314294,293.15,101.0,Liquid,2,CC(C)O,Solvent,0.7,,NCCCO,Solvent,0.3,,0.8517800000000002,0.00016,,,10.1016/j.jct.2012.02.036
65,-6471634429558353419,293.15,101.0,Liquid,2,CC(C)O,Solvent,0.4997,,NCCCO,Solvent,0.5003,,0.8942300000000002,0.00016,,,10.1016/j.jct.2012.02.036
66,6810530762603040097,293.15,101.0,Liquid,2,CC(C)O,Solvent,0.1997,,NCCCO,Solvent,0.8003,,0.9523,0.000165,,,10.1016/j.jct.2012.02.036
67,6761520180383659489,303.15,101.0,Liquid,2,CC(C)OC(C)C,Solvent,0.7545,,CCN(CC)c1ccccc1,Solvent,0.2455,,0.7783000000000001,0.00015,,,10.1016/j.tca.2011.02.004
68,-2837408521055281009,298.15,101.0,Liquid,2,CN1CCNCC1,Solvent,0.7065,,O,Solvent,0.2935,,0.9223100000000002,8.500000000000002e-05,,,10.1016/j.jct.2011.06.020
69,4078988003762342268,298.15,101.0,Liquid,2,NCCO,Solvent,0.5412,,O,Solvent,0.4588,,1.0247000000000004,0.00035,,,10.1021/je2010038
70,8031979605685843122,298.15,101.0,Liquid,2,NCCO,Solvent,0.7264,,O,Solvent,0.2735999999999999,,1.0200000000000002,0.00035,,,10.1021/je2010038
71,-236889099566889049,298.15,101.3,Liquid,2,NCCO,Solvent,0.2197,,O,Solvent,0.7803,,1.0227000000000004,0.001,,,10.1021/acs.jced.8b00070
72,-1142471958448490898,293.15,101.0,Liquid,2,CNCCCN,Solvent,0.4995,,O,Solvent,0.5005,,0.906757,0.0001275,,,10.1021/je400679k
73,3703064596556076866,293.15,101.0,Liquid,2,NCCNCCN,Solvent,0.2449,,O,Solvent,0.7551,,1.0275000000000003,0.0005,,,10.1016/j.jct.2008.11.012
74,-5545013826375448738,293.15,101.0,Liquid,2,NCCNCCN,Solvent,0.4974,,O,Solvent,0.5025999999999999,,0.9928000000000002,0.0005,,,10.1016/j.jct.2008.11.012
75,1976008248739526980,293.15,101.0,Liquid,2,NCCNCCN,Solvent,0.6988,,O,Solvent,0.3012,,0.9718000000000002,0.0005,,,10.1016/j.jct.2008.11.012
76,-2497109046662139147,303.15,100.0,Liquid,2,NCCNCCN,Solvent,0.2416,,O,Solvent,0.7584,,,,-6.523,0.0695,10.1016/j.jct.2015.04.030
77,-5805928630591424824,303.15,100.0,Liquid,2,NCCNCCN,Solvent,0.501,,O,Solvent,0.499,,,,-5.417,0.0575,10.1016/j.jct.2015.04.030
78,6464034450215354134,303.15,100.0,Liquid,2,NCCNCCN,Solvent,0.702,,O,Solvent,0.298,,,,-3.393,0.036,10.1016/j.jct.2015.04.030
79,3503550063278405837,298.15,101.0,Liquid,2,CCO,Solvent,0.7532,,OCCN1CCOCC1,Solvent,0.2468,,0.9077200000000002,0.000305,,,10.1016/j.jct.2007.11.010
80,-8803995856212061840,298.15,101.0,Liquid,2,CCO,Solvent,0.5118,,OCCN1CCOCC1,Solvent,0.4882,,0.9864000000000002,0.0002,,,10.1016/j.jct.2007.11.010
81,85933942498257866,298.15,101.0,Liquid,2,CCO,Solvent,0.2561,,OCCN1CCOCC1,Solvent,0.7439,,1.0405200000000003,0.00027,,,10.1016/j.jct.2007.11.010
82,2059481868475092261,298.15,101.0,Liquid,2,CCCO,Solvent,0.7634,,OCCN1CCOCC1,Solvent,0.2366,,0.8987100000000002,0.000315,,,10.1016/j.jct.2007.11.010
83,-5145301106418826300,298.15,101.0,Liquid,2,CCCO,Solvent,0.4865,,OCCN1CCOCC1,Solvent,0.5135,,0.9843800000000004,0.000215,,,10.1016/j.jct.2007.11.010
84,-4625191976380172341,298.15,101.0,Liquid,2,CCCO,Solvent,0.2663,,OCCN1CCOCC1,Solvent,0.7337,,1.0341200000000002,0.00026,,,10.1016/j.jct.2007.11.010
85,213190062346442650,298.15,101.0,Liquid,2,CC(C)O,Solvent,0.7532,,OCCN1CCOCC1,Solvent,0.2468,,0.8841000000000002,0.00035,,,10.1016/j.jct.2007.11.010
86,550714489576753801,298.15,101.0,Liquid,2,CC(C)O,Solvent,0.5118,,OCCN1CCOCC1,Solvent,0.4882,,0.9623200000000004,0.000245,,,10.1016/j.jct.2007.11.010
87,3185666439249071322,298.15,101.0,Liquid,2,CC(C)O,Solvent,0.2561,,OCCN1CCOCC1,Solvent,0.7439,,1.02527,0.000245,,,10.1016/j.jct.2007.11.010
88,-1713889050337443683,298.15,101.0,Liquid,2,CCCCO,Solvent,0.7564,,OCCN1CCOCC1,Solvent,0.2436,,0.8876900000000003,0.00033,,,10.1016/j.jct.2007.11.010
89,1480585101512539785,298.15,101.0,Liquid,2,CCCCO,Solvent,0.5216000000000001,,OCCN1CCOCC1,Solvent,0.4784,,0.9554700000000004,0.00025,,,10.1016/j.jct.2007.11.010
90,2245540750736790095,298.15,101.0,Liquid,2,CCCCO,Solvent,0.2647,,OCCN1CCOCC1,Solvent,0.7353,,1.01781,0.00023,,,10.1016/j.jct.2007.11.010
91,5008835306509182084,298.15,101.0,Liquid,2,CCCCN(CCCC)CCCC,Solvent,0.7489,,CCCCO,Solvent,0.2511,,,,-0.024,0.0011,10.1016/j.jct.2005.12.006
92,-8941273833469962797,298.15,101.0,Liquid,2,CCCCN(CCCC)CCCC,Solvent,0.4986,,CCCCO,Solvent,0.5014,,,,-0.1474,0.0024,10.1016/j.jct.2005.12.006
93,7810952850058219160,298.15,101.0,Liquid,2,CCCCN(CCCC)CCCC,Solvent,0.0996,,CCCCO,Solvent,0.9004,,,,-0.1686,0.0027,10.1016/j.jct.2005.12.006
94,-7507726919529617362,298.15,101.0,Liquid,2,CCCCCCCCN(CCCCCCCC)CCCCCCCC,Solvent,0.7497,,CCCCO,Solvent,0.2503,,,,0.2793,0.0044,10.1016/j.jct.2005.12.006
95,-4544260049199864965,298.15,101.0,Liquid,2,CCCCCCCCN(CCCCCCCC)CCCCCCCC,Solvent,0.5,,CCCCO,Solvent,0.5,,,,0.2724,0.0043,10.1016/j.jct.2005.12.006
96,-4714013766844751635,298.15,101.0,Liquid,2,CCCCCCCCN(CCCCCCCC)CCCCCCCC,Solvent,0.2499,,CCCCO,Solvent,0.7501,,,,0.1476,0.0024,10.1016/j.jct.2005.12.006
97,-7091810054379768165,298.15,101.0,Liquid,2,CCCCCC,Solvent,0.75,,CCCCCCCCN(CCCCCCCC)CCCCCCCC,Solvent,0.25,,,,-0.011,0.00105,10.1016/j.jct.2005.12.006
98,4368707266745578772,298.15,101.0,Liquid,2,CCCCCC,Solvent,0.5001,,CCCCCCCCN(CCCCCCCC)CCCCCCCC,Solvent,0.4999,,,,-0.0053,0.00105,10.1016/j.jct.2005.12.006
99,-7723296935695587827,298.15,101.0,Liquid,2,CCCCCC,Solvent,0.25,,CCCCCCCCN(CCCCCCCC)CCCCCCCC,Solvent,0.75,,,,-0.0017,0.00105,10.1016/j.jct.2005.12.006
100,-6512128463842347098,293.15,101.0,Liquid,2,CCCO,Solvent,0.6995,,CCN(CC)CCO,Solvent,0.3005,,0.8421100000000002,0.002,,,10.1016/j.jct.2018.06.007
101,7409669172927915062,293.15,101.0,Liquid,2,CCCO,Solvent,0.4928,,CCN(CC)CCO,Solvent,0.5072,,0.8599800000000002,0.002,,,10.1016/j.jct.2018.06.007
102,4328847596802032365,293.15,101.0,Liquid,2,CCCO,Solvent,0.2906999999999999,,CCN(CC)CCO,Solvent,0.7093,,0.8722700000000002,0.002,,,10.1016/j.jct.2018.06.007
103,7238259052920347628,293.15,101.0,Liquid,2,CCCCO,Solvent,0.7061999999999999,,CCN(CC)CCO,Solvent,0.2938,,0.8408200000000002,0.002,,,10.1016/j.jct.2018.06.007
104,6001090776910395434,293.15,101.0,Liquid,2,CCCCO,Solvent,0.4919,,CCN(CC)CCO,Solvent,0.5081,,0.8583200000000003,0.002,,,10.1016/j.jct.2018.06.007
105,2521833031658636460,293.15,101.0,Liquid,2,CCCCO,Solvent,0.2871,,CCN(CC)CCO,Solvent,0.7129,,0.8711400000000002,0.002,,,10.1016/j.jct.2018.06.007
106,4003961552335375289,298.15,101.0,Liquid,2,NCCN,Solvent,0.75,,O,Solvent,0.25,,0.92093,0.00018,,,10.1016/j.tca.2006.01.013
107,-1295076295959960103,298.15,101.0,Liquid,2,NCCN,Solvent,0.4999,,O,Solvent,0.5001,,0.9588700000000002,0.000135,,,10.1016/j.tca.2006.01.013
108,-6726313108169095107,298.15,101.0,Liquid,2,NCCN,Solvent,0.2501,,O,Solvent,0.7499,,0.9938100000000002,7.000000000000002e-05,,,10.1016/j.tca.2006.01.013
109,-8997031913782118700,298.15,101.0,Liquid,2,CCCCCCO,Solvent,0.7475,,NCCN,Solvent,0.2525,,0.8318070000000002,0.000179,,,10.1016/j.jct.2012.01.022
110,-5677050058526942418,298.15,101.0,Liquid,2,CCCCCCO,Solvent,0.4913999999999999,,NCCN,Solvent,0.5086,,0.8471070000000002,0.000157,,,10.1016/j.jct.2012.01.022
111,-1687894170344774617,298.15,101.0,Liquid,2,CCCCCCO,Solvent,0.2875,,NCCN,Solvent,0.7125,,0.8614710000000002,0.00014,,,10.1016/j.jct.2012.01.022
112,2143715077532079566,298.15,101.0,Liquid,2,CCCCCCCCO,Solvent,0.7367,,NCCN,Solvent,0.2633,,0.8342760000000001,7.550000000000002e-05,,,10.1016/j.jct.2012.01.022
113,3926763456168394902,298.15,101.0,Liquid,2,CCCCCCCCO,Solvent,0.5081,,NCCN,Solvent,0.4919,,0.8444260000000002,8.550000000000003e-05,,,10.1016/j.jct.2012.01.022
114,-7417650627528685557,298.15,101.0,Liquid,2,CCCCCCCCO,Solvent,0.2062,,NCCN,Solvent,0.7938,,0.8645390000000002,0.000102,,,10.1016/j.jct.2012.01.022
115,-2147654825064937752,303.15,101.0,Liquid,2,CCCO,Solvent,0.7050000000000001,,CCN(CC)CC,Solvent,0.295,,0.7759900000000002,7.500000000000002e-05,,,10.1016/j.tca.2008.09.006
116,-1533919623922765872,303.15,101.0,Liquid,2,CCCO,Solvent,0.5147999999999999,,CCN(CC)CC,Solvent,0.4852,,0.7601100000000002,8.000000000000002e-05,,,10.1016/j.tca.2008.09.006
117,-330358942396018902,303.15,101.0,Liquid,2,CCCO,Solvent,0.2362999999999999,,CCN(CC)CC,Solvent,0.7637,,0.7368500000000002,8.000000000000002e-05,,,10.1016/j.tca.2008.09.006
118,-5810345983908504125,303.15,101.0,Liquid,2,CCCCN(CCCC)CCCC,Solvent,0.2978,,CCCO,Solvent,0.7021999999999999,,0.7854700000000002,7.500000000000002e-05,,,10.1016/j.tca.2008.09.006
119,7381398485289265231,303.15,101.0,Liquid,2,CCCCN(CCCC)CCCC,Solvent,0.4984,,CCCO,Solvent,0.5016,,0.7801800000000001,7.500000000000002e-05,,,10.1016/j.tca.2008.09.006
120,5290950823369346221,303.15,101.0,Liquid,2,CCCCN(CCCC)CCCC,Solvent,0.7989,,CCCO,Solvent,0.2010999999999999,,0.7737800000000001,7.500000000000002e-05,,,10.1016/j.tca.2008.09.006
121,-1383026881229516158,293.151,101.0,Liquid,2,CS(C)=O,Solvent,0.4998,,NCCO,Solvent,0.5002,,1.060655,0.00014,,,10.1016/j.jct.2012.08.021
122,8688123457457539808,293.151,101.0,Liquid,2,CS(C)=O,Solvent,0.1998999999999999,,NCCO,Solvent,0.8001,,1.0352380000000003,0.000129,,,10.1016/j.jct.2012.08.021
123,-2684662517328357818,303.143,101.0,Liquid,2,CS(C)=O,Solvent,0.7001,,NCCO,Solvent,0.2999,,1.0669310000000003,0.000142,,,10.1016/j.jct.2012.08.021
124,8447366492470562153,293.151,101.0,Liquid,2,CN(CCO)CCO,Solvent,0.2,,CS(C)=O,Solvent,0.8,,1.079886,0.000198,,,10.1016/j.jct.2012.08.021
125,5449912865844452881,293.152,101.0,Liquid,2,CN(CCO)CCO,Solvent,0.7002,,CS(C)=O,Solvent,0.2997999999999999,,1.049581,0.0003445,,,10.1016/j.jct.2012.08.021
126,-8044594499509179813,303.143,101.0,Liquid,2,CN(CCO)CCO,Solvent,0.4001,,CS(C)=O,Solvent,0.5999,,1.0561040000000004,0.0002445,,,10.1016/j.jct.2012.08.021
127,9053772732541832232,298.15,101.0,Liquid,2,NCCNCCO,Solvent,0.0699,,O,Solvent,0.9301,,,,-1.713,0.035,10.1016/j.jct.2007.03.010
128,-3028028555920674691,298.15,101.0,Liquid,2,NCCNCCO,Solvent,0.77,,O,Solvent,0.2299999999999999,,,,-1.711,0.035,10.1016/j.jct.2007.03.010
129,4799744171270240326,313.15,101.0,Liquid,2,NCCNCCO,Solvent,0.4001,,O,Solvent,0.5999,,,,-4.15,0.0845,10.1016/j.jct.2007.03.010
130,-8619827410156320624,298.15,101.0,Liquid,2,NCCNCCO,Solvent,0.07,,O,Solvent,0.93,,1.0222800000000003,0.000125,,,10.1021/je060032n
131,-1032336653470521867,298.15,101.0,Liquid,2,NCCNCCO,Solvent,0.7997,,O,Solvent,0.2003,,1.0318300000000002,0.00024,,,10.1021/je060032n
132,18817833345383040,313.15,101.0,Liquid,2,NCCNCCO,Solvent,0.3997,,O,Solvent,0.6003000000000001,,1.0370100000000002,0.00017,,,10.1021/je060032n
133,-422753427795246880,298.15,101.0,Liquid,2,NCCCO,Solvent,0.7515,,O,Solvent,0.2485,,,,-1.531,0.031,10.1016/j.jct.2007.03.010
134,-2717832468163025042,298.15,101.0,Liquid,2,CN(C)CCO,Solvent,0.5365,,O,Solvent,0.4635,,,,-2.575,0.0525,10.1016/j.jct.2007.03.010
135,8444493713325561797,298.15,101.325,Liquid,2,CCCCO,Solvent,0.1999,,CCN(CC)CC,Solvent,0.8001,,,,-0.6528,0.01015,10.1016/j.fluid.2005.08.001
136,-1104473276724825345,298.15,101.325,Liquid,2,CCCCO,Solvent,0.5,,CCN(CC)CC,Solvent,0.5,,,,-1.3473,0.02085,10.1016/j.fluid.2005.08.001
137,-2721826948294571467,298.15,101.325,Liquid,2,CCCCO,Solvent,0.6499,,CCN(CC)CC,Solvent,0.3500999999999999,,,,-1.38,0.02135,10.1016/j.fluid.2005.08.001
138,8256949344048914277,298.15,101.0,Liquid,2,CCCCCCCO,Solvent,0.2982,,NC1CCCCC1,Solvent,0.7018,,0.8527100000000002,0.00012,,,10.1016/j.jct.2014.09.005
139,7478602295170059422,298.15,101.0,Liquid,2,CCCCCCCO,Solvent,0.4931,,NC1CCCCC1,Solvent,0.5069,,0.8453400000000002,0.00012,,,10.1016/j.jct.2014.09.005
140,5103159363396453583,298.15,101.0,Liquid,2,CCCCCCCO,Solvent,0.7479,,NC1CCCCC1,Solvent,0.2521,,0.8332200000000002,0.00012,,,10.1016/j.jct.2014.09.005
141,7234841948452621589,293.15,100.0,Liquid,2,CS(C)=O,Solvent,0.2979,,NCc1ccccc1,Solvent,0.7021,,1.0110000000000003,0.002,,,10.1016/j.jct.2018.02.018
142,-7003453118903365237,293.15,100.0,Liquid,2,CS(C)=O,Solvent,0.4991,,NCc1ccccc1,Solvent,0.5009,,1.0320000000000005,0.002,,,10.1016/j.jct.2018.02.018
143,-6151562270292502788,293.15,100.0,Liquid,2,CS(C)=O,Solvent,0.6999,,NCc1ccccc1,Solvent,0.3001,,1.0560000000000005,0.002,,,10.1016/j.jct.2018.02.018
144,3181891707594629980,293.15,100.0,Liquid,2,CN(C)CCCO,Solvent,0.7,,CS(C)=O,Solvent,0.3,,0.9270000000000004,0.002,,,10.1016/j.jct.2018.02.018
145,7923810770686160025,293.15,100.0,Liquid,2,CN(C)CCCO,Solvent,0.4969,,CS(C)=O,Solvent,0.5031,,0.9630000000000002,0.002,,,10.1016/j.jct.2018.02.018
146,2861817362876922983,293.15,100.0,Liquid,2,CN(C)CCCO,Solvent,0.2082,,CS(C)=O,Solvent,0.7918,,1.0320000000000005,0.002,,,10.1016/j.jct.2018.02.018
147,-798509140577048281,293.15,100.0,Liquid,2,CN(C)CCOCCO,Solvent,0.7005,,CS(C)=O,Solvent,0.2995,,0.9810000000000002,0.002,,,10.1016/j.jct.2018.02.018
148,8945717182798430633,293.15,100.0,Liquid,2,CN(C)CCOCCO,Solvent,0.5008,,CS(C)=O,Solvent,0.4992,,1.0030000000000003,0.002,,,10.1016/j.jct.2018.02.018
149,-1577406266605284619,293.15,100.0,Liquid,2,CN(C)CCOCCO,Solvent,0.2049999999999999,,CS(C)=O,Solvent,0.795,,1.0510000000000002,0.002,,,10.1016/j.jct.2018.02.018
150,-8852559764266660767,298.15,101.0,Liquid,2,O,Solvent,0.2085,,OCCN1CCNCC1,Solvent,0.7915,,,,-1.786,0.019,10.1016/j.jct.2015.06.006
151,5369504287558688756,298.15,101.0,Liquid,2,O,Solvent,0.6998,,OCCN1CCOCC1,Solvent,0.3002,,,,-2.426,0.026,10.1016/j.jct.2015.06.006
152,-3330624193945067522,298.15,101.0,Liquid,2,O,Solvent,0.5011,,OCCN1CCOCC1,Solvent,0.4989,,,,-2.2633,0.02415,10.1016/j.jct.2015.06.006
153,1538964542717611965,298.15,101.0,Liquid,2,O,Solvent,0.3051,,OCCN1CCOCC1,Solvent,0.6949,,,,-1.7936,0.01915,10.1016/j.jct.2015.06.006
154,-8700781731412260097,293.15,101.0,Liquid,2,O,Solvent,0.7534,,OCCN1CCOCC1,Solvent,0.2466,,1.0838100000000002,0.00154,,,10.1016/j.jct.2008.01.007
155,6033873858345590248,293.15,101.0,Liquid,2,O,Solvent,0.5147999999999999,,OCCN1CCOCC1,Solvent,0.4852,,1.0866900000000004,0.00159,,,10.1016/j.jct.2008.01.007
156,4386736975631730055,293.15,101.0,Liquid,2,O,Solvent,0.2561,,OCCN1CCOCC1,Solvent,0.7439,,1.08031,0.001565,,,10.1016/j.jct.2008.01.007
157,7730121710676552239,298.15,101.325,Liquid,2,CCCCCCN,Solvent,0.7545,,CCCCO,Solvent,0.2455,,0.7733860000000001,0.0002195,,,10.1016/j.fluid.2010.07.011
158,852185241811683491,298.15,101.325,Liquid,2,CCCCCCN,Solvent,0.5198,,CCCCO,Solvent,0.4802,,0.7856370000000001,0.000158,,,10.1016/j.fluid.2010.07.011
159,1440900216509070009,298.15,101.325,Liquid,2,CCCCCCN,Solvent,0.25,,CCCCO,Solvent,0.75,,0.7975300000000002,0.0001035,,,10.1016/j.fluid.2010.07.011
160,6511412668318985955,298.15,101.325,Liquid,2,CCCCCCC,Solvent,0.7983,,CCCCCCN,Solvent,0.2017,,0.6929890000000002,0.0001065,,,10.1016/j.fluid.2010.07.011
161,8404932613934417943,298.15,101.325,Liquid,2,CCCCCCC,Solvent,0.5999,,CCCCCCN,Solvent,0.4001,,0.7079740000000002,0.000133,,,10.1016/j.fluid.2010.07.011
162,6091009093876290569,298.15,101.325,Liquid,2,CCCCCCC,Solvent,0.2504999999999999,,CCCCCCN,Solvent,0.7495,,0.7372940000000001,0.0002105,,,10.1016/j.fluid.2010.07.011
163,6035573285430896863,298.15,101.0,Liquid,2,CCCCO,Solvent,0.1997,,NC1CCCCC1,Solvent,0.8003,,0.8582510000000002,0.000133,,,10.1016/j.tca.2009.07.002
164,2932687016251690338,298.15,101.0,Liquid,2,CCCCO,Solvent,0.4994,,NC1CCCCC1,Solvent,0.5005999999999999,,0.8474440000000002,0.0001115,,,10.1016/j.tca.2009.07.002
165,7300482852304801096,298.15,101.0,Liquid,2,CCCCO,Solvent,0.7497,,NC1CCCCC1,Solvent,0.2502999999999999,,0.8308610000000002,9.900000000000003e-05,,,10.1016/j.tca.2009.07.002
166,-5330843038909428574,298.15,101.0,Liquid,2,CCCCCCC,Solvent,0.7695,,NC1CCCCC1,Solvent,0.2305,,0.7127290000000002,0.0001195,,,10.1016/j.tca.2009.07.002
167,-7483564762905363894,298.15,101.0,Liquid,2,CCCCCCC,Solvent,0.5503,,NC1CCCCC1,Solvent,0.4497,,0.7489330000000002,0.0001235,,,10.1016/j.tca.2009.07.002
168,-2972466957038325897,298.15,101.0,Liquid,2,CCCCCCC,Solvent,0.2000999999999999,,NC1CCCCC1,Solvent,0.7999,,0.8167830000000003,0.000138,,,10.1016/j.tca.2009.07.002
169,1431575689373274306,308.15,100.0,Liquid,2,Cc1cccc(C)c1,Solvent,0.2684999999999999,,Cc1ccccc1N,Solvent,0.7315,,,,0.4588,0.005,10.1016/j.tca.2007.12.006
170,8415457662426449369,298.15,101.0,Liquid,2,C1CCC(NC2CCCCC2)CC1,Solvent,0.6998,,CCCO,Solvent,0.3002,,0.9002080000000002,9.600000000000004e-05,,,10.1016/j.tca.2011.08.002
171,1133946768411284901,298.15,101.0,Liquid,2,C1CCC(NC2CCCCC2)CC1,Solvent,0.4995,,CCCO,Solvent,0.5005,,0.8897470000000002,8.500000000000002e-05,,,10.1016/j.tca.2011.08.002
172,5609099204349206986,298.15,101.0,Liquid,2,C1CCC(NC2CCCCC2)CC1,Solvent,0.1999999999999999,,CCCO,Solvent,0.8,,0.8541150000000002,7.650000000000002e-05,,,10.1016/j.tca.2011.08.002
173,-3778468893075120903,298.15,101.0,Liquid,2,C1CCC(NC2CCCCC2)CC1,Solvent,0.6995,,CCCCO,Solvent,0.3005,,0.8978060000000002,9.600000000000004e-05,,,10.1016/j.tca.2011.08.002
174,3981030144862827510,298.15,101.0,Liquid,2,C1CCC(NC2CCCCC2)CC1,Solvent,0.5,,CCCCO,Solvent,0.5,,0.8858530000000001,8.500000000000002e-05,,,10.1016/j.tca.2011.08.002
175,357818093570817415,298.15,101.0,Liquid,2,C1CCC(NC2CCCCC2)CC1,Solvent,0.2016,,CCCCO,Solvent,0.7984,,0.8513440000000002,7.650000000000002e-05,,,10.1016/j.tca.2011.08.002
176,3875728504375354813,298.15,101.0,Liquid,2,C1CCC(NC2CCCCC2)CC1,Solvent,0.7994,,CCCCCO,Solvent,0.2006,,0.9007080000000002,0.0001175,,,10.1016/j.tca.2011.08.002
177,-6418735732801773094,298.15,101.0,Liquid,2,C1CCC(NC2CCCCC2)CC1,Solvent,0.4999,,CCCCCO,Solvent,0.5001,,0.8829800000000002,0.00012,,,10.1016/j.tca.2011.08.002
178,8903480289677005876,298.15,101.0,Liquid,2,C1CCC(NC2CCCCC2)CC1,Solvent,0.2007,,CCCCCO,Solvent,0.7993,,0.8495070000000001,0.0001195,,,10.1016/j.tca.2011.08.002
179,-5972993173314600121,308.15,101.0,Liquid,2,Cc1ccccc1N,Solvent,0.7735,,c1ccncc1,Solvent,0.2265,,,,-0.7828,0.016,10.1016/j.jct.2010.12.028
180,-8607813118503758259,308.15,101.0,Liquid,2,Cc1ccccc1N,Solvent,0.2715,,Cc1ccncc1,Solvent,0.7284999999999999,,,,-1.1791,0.02405,10.1016/j.jct.2010.12.028
181,-2344615394120335494,298.15,101.0,Liquid,2,Cc1ccccc1N,Solvent,0.2655,,Cc1ccncc1,Solvent,0.7344999999999999,,0.9662520000000002,0.00012,,,10.1016/j.jct.2010.12.028
182,9053382427969121366,298.15,101.0,Liquid,2,CCCN,Solvent,0.7483500000000001,,OCCCO,Solvent,0.25165,,,,-4.2489,0.02175,10.1016/j.tca.2006.08.006
183,2385464506606075636,298.15,101.0,Liquid,2,CCCN,Solvent,0.49914,,OCCCO,Solvent,0.50086,,,,-5.1972,0.0265,10.1016/j.tca.2006.08.006
184,6325236748391519920,298.15,101.0,Liquid,2,CCCN,Solvent,0.24648,,OCCCO,Solvent,0.75352,,,,-3.2934,0.01695,10.1016/j.tca.2006.08.006
185,878182381106514212,298.15,101.0,Liquid,2,CCCO,Solvent,0.2509,,NCCCN,Solvent,0.7491,,,,-1.804,0.0095,10.1016/j.tca.2006.08.006
186,1696392748568699974,298.15,101.0,Liquid,2,CCCO,Solvent,0.49716,,NCCCN,Solvent,0.50284,,,,-3.1877,0.01645,10.1016/j.tca.2006.08.006
187,-4197918760164715733,298.15,101.0,Liquid,2,CCCO,Solvent,0.75147,,NCCCN,Solvent,0.24853,,,,-3.0925,0.01595,10.1016/j.tca.2006.08.006
188,6805058427859068809,303.15,101.0,Liquid,2,CC(C)OC(C)C,Solvent,0.7415,,Cc1ccccc1N,Solvent,0.2584999999999999,,0.7849000000000002,0.00015,,,10.1016/j.tca.2011.01.019
189,-4179265537051919532,298.15,100.0,Liquid,2,CCNCC,Solvent,0.4885,,ClC(Cl)Cl,Solvent,0.5115,,1.06062,0.000235,,,10.1016/j.jct.2008.05.003
190,5577848264265073123,298.15,101.0,Liquid,2,CN(CCO)CCO,Solvent,0.2012,,O=S1(=O)CCCC1,Solvent,0.7988,,1.2105000000000004,0.0003,,,10.1016/j.tca.2012.10.004
191,-6587849074495647981,298.15,101.0,Liquid,2,CN(CCO)CCO,Solvent,0.5005,,O=S1(=O)CCCC1,Solvent,0.4995,,1.1357000000000004,0.00025,,,10.1016/j.tca.2012.10.004
192,-3838663082138879868,298.15,101.0,Liquid,2,CN(CCO)CCO,Solvent,0.7002,,O=S1(=O)CCCC1,Solvent,0.2997999999999999,,1.0936,0.00025,,,10.1016/j.tca.2012.10.004
193,-6919770347926213844,298.15,101.0,Liquid,2,CC(C)NC(C)C,Solvent,0.7395,,CCO,Solvent,0.2604999999999999,,0.7377000000000002,0.00012,,,10.1016/j.tca.2011.05.006
194,6062129453490921513,298.15,101.0,Liquid,2,CC(C)NC(C)C,Solvent,0.2398,,CCCO,Solvent,0.7602,,0.7825700000000002,0.00012,,,10.1016/j.tca.2011.05.006
195,2539299951569221573,298.15,101.0,Liquid,2,CC(C)NC(C)C,Solvent,0.5546,,CCCO,Solvent,0.4454,,0.7558500000000002,0.00012,,,10.1016/j.tca.2011.05.006
196,1384724914928978648,298.15,101.0,Liquid,2,CC(C)NC(C)C,Solvent,0.7383,,CCCO,Solvent,0.2617,,0.7400500000000001,0.00012,,,10.1016/j.tca.2011.05.006
197,-7213814748875091986,298.15,101.0,Liquid,2,CC(C)NC(C)C,Solvent,0.2404,,CCCCO,Solvent,0.7596,,0.7880000000000001,0.00012,,,10.1016/j.tca.2011.05.006
198,-3421861907426889707,298.15,101.0,Liquid,2,CC(C)NC(C)C,Solvent,0.44,,CCCCO,Solvent,0.56,,0.7702100000000002,0.00012,,,10.1016/j.tca.2011.05.006
199,-4489434802553661486,298.15,101.0,Liquid,2,CC(C)NC(C)C,Solvent,0.74,,CCCCO,Solvent,0.26,,0.7419700000000002,0.00012,,,10.1016/j.tca.2011.05.006
200,6286104027432634431,298.15,101.0,Liquid,2,CC(C)NC(C)C,Solvent,0.2392,,CCCCCO,Solvent,0.7608,,0.7932300000000002,0.00012,,,10.1016/j.tca.2011.05.006
201,585935650444512446,298.15,101.0,Liquid,2,CC(C)NC(C)C,Solvent,0.4401,,CCCCCO,Solvent,0.5599000000000001,,0.7744300000000002,0.00012,,,10.1016/j.tca.2011.05.006
202,-1359968825037378736,298.15,101.0,Liquid,2,CC(C)NC(C)C,Solvent,0.7356,,CCCCCO,Solvent,0.2643999999999999,,0.7437900000000002,0.00012,,,10.1016/j.tca.2011.05.006
203,-8307363409463906204,298.15,101.325,Liquid,2,CCCO,Solvent,0.3,,CN1CCNCC1,Solvent,0.7,,0.8857100000000002,0.0002,,,10.1016/j.fluid.2005.05.012
204,-1295097885342740601,298.15,101.325,Liquid,2,CCCO,Solvent,0.4998,,CN1CCNCC1,Solvent,0.5002,,0.8719100000000002,0.000215,,,10.1016/j.fluid.2005.05.012
205,-3027091645413152972,298.15,101.325,Liquid,2,CCCO,Solvent,0.7495,,CN1CCNCC1,Solvent,0.2504999999999999,,0.8457500000000002,0.00024,,,10.1016/j.fluid.2005.05.012
206,-2553983288138593828,298.15,101.325,Liquid,2,CCCCO,Solvent,0.2966,,CN1CCNCC1,Solvent,0.7034,,0.8830100000000002,0.0002,,,10.1016/j.fluid.2005.05.012
207,-876954947727759271,298.15,101.325,Liquid,2,CCCCO,Solvent,0.5001,,CN1CCNCC1,Solvent,0.4999,,0.8678500000000002,0.00022,,,10.1016/j.fluid.2005.05.012
208,-3388354921952018076,298.15,101.325,Liquid,2,CCCCO,Solvent,0.7537,,CN1CCNCC1,Solvent,0.2462999999999999,,0.8428600000000002,0.000245,,,10.1016/j.fluid.2005.05.012
209,3983120774116460982,298.15,101.0,Liquid,2,CCCNCCC,Solvent,0.4995,,CN(C)C=O,Solvent,0.5005,,,,0.748,0.0225,10.1016/j.fluid.2019.112283
210,-226443556797044217,298.15,101.0,Liquid,2,CC(=O)N(C)C,Solvent,0.5035,,CCCNCCC,Solvent,0.4965,,,,0.514,0.0155,10.1016/j.fluid.2019.112283
211,2425844414548669165,298.15,101.0,Liquid,2,CC(=O)N(C)C,Solvent,0.5005,,CCCCN,Solvent,0.4995,,,,0.208,0.0065,10.1016/j.fluid.2019.112283
212,8299564428698231583,303.15,100.0,Liquid,2,CCCCCCCCO,Solvent,0.7988,,CCN(CC)c1ccccc1,Solvent,0.2012,,0.8365000000000002,0.000545,,,10.1016/j.jct.2016.12.019
213,-6278483318286082042,303.15,100.0,Liquid,2,CCCCCCCCO,Solvent,0.4889,,CCN(CC)c1ccccc1,Solvent,0.5111,,0.8675700000000003,0.000545,,,10.1016/j.jct.2016.12.019
214,6355989441215169943,303.15,100.0,Liquid,2,CCCCCCCCO,Solvent,0.2865,,CCN(CC)c1ccccc1,Solvent,0.7135,,0.8901700000000001,0.000545,,,10.1016/j.jct.2016.12.019
215,4777511868649289897,298.15,101.0,Liquid,2,CCCCN(CCCC)CCCC,Solvent,0.2401,,Cc1ccccc1,Solvent,0.7599,,0.8241400000000002,7.500000000000002e-05,,,10.1016/j.jct.2011.10.027
216,-5720636538778177623,298.15,101.0,Liquid,2,CCCCN(CCCC)CCCC,Solvent,0.4789,,Cc1ccccc1,Solvent,0.5211,,0.8012500000000002,8.500000000000002e-05,,,10.1016/j.jct.2011.10.027
217,-8525609558570954286,298.15,101.0,Liquid,2,CCCCN(CCCC)CCCC,Solvent,0.7238,,Cc1ccccc1,Solvent,0.2762,,0.7855600000000001,0.0001,,,10.1016/j.jct.2011.10.027
218,9060938953469437845,298.15,101.0,Liquid,2,CCCCN(CCCC)CCCC,Solvent,0.2404,,CCc1ccccc1,Solvent,0.7596,,0.8275300000000002,0.00012,,,10.1016/j.jct.2011.10.027
219,-5000543487870909713,298.15,101.0,Liquid,2,CCCCN(CCCC)CCCC,Solvent,0.4788,,CCc1ccccc1,Solvent,0.5212,,0.8043000000000001,0.00012,,,10.1016/j.jct.2011.10.027
220,-7568918968098782402,298.15,101.0,Liquid,2,CCCCN(CCCC)CCCC,Solvent,0.7192,,CCc1ccccc1,Solvent,0.2808,,0.7875200000000002,0.00012,,,10.1016/j.jct.2011.10.027
221,252636669338122058,298.15,101.0,Liquid,2,CCCCN(CCCC)CCCC,Solvent,0.2324,,Cc1ccccc1C,Solvent,0.7676000000000001,,0.8369400000000002,0.00012,,,10.1016/j.jct.2011.10.027
222,-9043521745814164310,298.15,101.0,Liquid,2,CCCCN(CCCC)CCCC,Solvent,0.481,,Cc1ccccc1C,Solvent,0.519,,0.8090300000000001,0.00012,,,10.1016/j.jct.2011.10.027
223,-3689305726000403170,298.15,101.0,Liquid,2,CCCCN(CCCC)CCCC,Solvent,0.769,,Cc1ccccc1C,Solvent,0.2309999999999999,,0.7864700000000002,0.00012,,,10.1016/j.jct.2011.10.027
224,6760944130624130086,298.15,101.0,Liquid,2,CCCCN(CCCC)CCCC,Solvent,0.2405,,Cc1cccc(C)c1,Solvent,0.7595000000000001,,0.8262100000000002,0.00012,,,10.1016/j.jct.2011.10.027
225,-3218635133951021951,298.15,101.0,Liquid,2,CCCCN(CCCC)CCCC,Solvent,0.7175,,Cc1cccc(C)c1,Solvent,0.2825,,0.7873800000000002,0.00012,,,10.1016/j.jct.2011.10.027
226,-7241643973300732029,298.15,100.0,Liquid,2,CCO,Solvent,0.7557,,NCCO,Solvent,0.2443,,0.8492000000000003,0.003215,,,10.1016/j.jct.2019.01.025
227,-7099722771716767868,298.15,100.0,Liquid,2,CCO,Solvent,0.4691999999999999,,NCCO,Solvent,0.5308,,0.9179000000000002,0.002985,,,10.1016/j.jct.2019.01.025
228,-556116205604943339,298.15,100.0,Liquid,2,CCO,Solvent,0.2489,,NCCO,Solvent,0.7511,,0.9646200000000004,0.002855,,,10.1016/j.jct.2019.01.025
229,7997531145647742159,298.15,100.0,Liquid,2,CCCO,Solvent,0.7034,,NCCO,Solvent,0.2966,,0.8579400000000003,0.002845,,,10.1016/j.jct.2019.01.025
230,1056659184891194444,298.15,100.0,Liquid,2,CCCO,Solvent,0.504,,NCCO,Solvent,0.496,,0.8997300000000003,0.0029,,,10.1016/j.jct.2019.01.025
231,2727935946366564093,298.15,100.0,Liquid,2,CCCO,Solvent,0.2026,,NCCO,Solvent,0.7974,,0.9658600000000004,0.00303,,,10.1016/j.jct.2019.01.025
232,4640271732869298508,298.15,100.0,Liquid,2,CC(C)O,Solvent,0.7034,,NCCO,Solvent,0.2966,,0.8408300000000002,0.003005,,,10.1016/j.jct.2019.01.025
233,7568659073731856516,298.15,100.0,Liquid,2,CC(C)O,Solvent,0.504,,NCCO,Solvent,0.496,,0.8875500000000002,0.00308,,,10.1016/j.jct.2019.01.025
234,-3895733581303164759,298.15,100.0,Liquid,2,CC(C)O,Solvent,0.2026,,NCCO,Solvent,0.7974,,0.9612900000000002,0.0032,,,10.1016/j.jct.2019.01.025
235,-3139939357338270581,298.15,100.0,Liquid,2,CCCCO,Solvent,0.7672,,NCCO,Solvent,0.2328,,0.8422400000000002,0.00258,,,10.1016/j.jct.2019.01.025
236,-7341046129696038464,298.15,100.0,Liquid,2,CCCCO,Solvent,0.4518,,NCCO,Solvent,0.5482,,0.9008300000000002,0.002885,,,10.1016/j.jct.2019.01.025
237,-2424674941858995246,298.15,100.0,Liquid,2,CCCCO,Solvent,0.261,,NCCO,Solvent,0.739,,0.9430400000000002,0.00312,,,10.1016/j.jct.2019.01.025
238,5388787576856420698,298.15,100.0,Liquid,2,CC(C)CO,Solvent,0.7672,,NCCO,Solvent,0.2328,,0.8364200000000002,0.00269,,,10.1016/j.jct.2019.01.025
239,-82503021573898050,298.15,100.0,Liquid,2,CC(C)CO,Solvent,0.4518,,NCCO,Solvent,0.5482,,0.8974400000000002,0.002955,,,10.1016/j.jct.2019.01.025
240,-2720398363170776897,298.15,100.0,Liquid,2,CC(C)CO,Solvent,0.261,,NCCO,Solvent,0.739,,0.9425400000000002,0.003115,,,10.1016/j.jct.2019.01.025
241,6830489143213456961,298.15,100.0,Liquid,2,CC(=O)CCC(=O)O,Solvent,0.667,,O=C(O)[C@@H]1CCCN1,Solvent,0.3329999999999999,,1.1972500000000004,0.005045,,,10.1016/j.jct.2018.12.017
242,-7813980433638583802,298.15,101.0,Liquid,2,CC(C)CO,Solvent,0.7039,,CCCCN,Solvent,0.2961,,0.7856200000000002,0.00013,,,10.1016/j.tca.2010.02.010
243,2434941609416375932,298.15,101.0,Liquid,2,CC(C)CO,Solvent,0.4979,,CCCCN,Solvent,0.5021,,0.7735200000000002,0.00012,,,10.1016/j.tca.2010.02.010
244,-8018612061234279477,298.15,101.0,Liquid,2,CC(C)CO,Solvent,0.2763,,CCCCN,Solvent,0.7237,,0.7574500000000002,0.00011,,,10.1016/j.tca.2010.02.010
245,4503117287505222629,298.15,101.0,Liquid,2,C1CCCCC1,Solvent,0.2465,,NC1CCCCC1,Solvent,0.7535,,0.8405400000000002,6.0000000000000015e-05,,,10.1016/j.tca.2012.08.011
246,-361290001079373881,298.15,101.0,Liquid,2,NC1CCCCC1,Solvent,0.2475,,c1ccccc1,Solvent,0.7525,,0.8687100000000002,4.500000000000001e-05,,,10.1016/j.tca.2012.08.011
247,-386152977424696796,298.15,101.0,Liquid,2,NC1CCCCC1,Solvent,0.7465,,c1ccccc1,Solvent,0.2534999999999999,,0.8635900000000002,5.5000000000000016e-05,,,10.1016/j.tca.2012.08.011
248,7477629789405972246,303.15,101.3,Liquid,2,CCN(CC)CC,Solvent,0.1005,,O=[N+]([O-])c1ccccc1,Solvent,0.8995,,1.1364800000000004,0.00035,,,10.1016/j.tca.2004.08.013
249,7886763079665577997,303.15,100.0,Liquid,2,Nc1cccc(Cl)c1,Solvent,0.2665,,OCCc1ccccc1,Solvent,0.7335,,1.0597400000000003,0.002,,,10.1016/j.jct.2015.11.012
250,8134884980510890845,303.15,100.0,Liquid,2,Nc1cccc(Cl)c1,Solvent,0.2675,,OCCCl,Solvent,0.7324999999999999,,1.1983200000000005,0.002,,,10.1016/j.jct.2015.11.012
251,-5666689660302194591,303.15,100.0,Liquid,2,Brc1ccccc1,Solvent,0.5255000000000001,,Nc1cccc(Cl)c1,Solvent,0.4745,,1.3523400000000003,0.01,,,10.1016/j.jct.2016.05.015
252,-2003012509464916729,303.15,100.0,Liquid,2,Clc1ccccc1,Solvent,0.7065,,Nc1cccc(Cl)c1,Solvent,0.2935,,1.1297400000000002,0.01,,,10.1016/j.jct.2016.05.015
253,8788698285797716308,303.15,100.0,Liquid,2,Nc1cccc(Cl)c1,Solvent,0.7825,,O=[N+]([O-])c1ccccc1,Solvent,0.2175,,1.2038100000000005,0.01,,,10.1016/j.jct.2016.05.015
254,8009956644017673757,298.15,100.0,Liquid,2,NCCNCCN,Solvent,0.7027,,NCCO,Solvent,0.2973,,0.9646000000000002,0.00105,,,10.1016/j.fluid.2017.06.018
255,4760950878896583537,298.15,100.0,Liquid,2,NCCNCCN,Solvent,0.4693,,NCCO,Solvent,0.5307,,0.9794000000000002,0.00105,,,10.1016/j.fluid.2017.06.018
256,6875827366316130618,298.15,100.0,Liquid,2,NCCNCCN,Solvent,0.2825999999999999,,NCCO,Solvent,0.7174,,0.9927000000000002,0.00105,,,10.1016/j.fluid.2017.06.018
257,-3224489750056669138,298.15,100.0,Liquid,2,NCCNCCO,Solvent,0.7365999999999999,,NCCO,Solvent,0.2634,,1.0252000000000003,0.001,,,10.1016/j.fluid.2017.06.018
258,8437533238226828443,298.15,100.0,Liquid,2,NCCNCCO,Solvent,0.4518999999999999,,NCCO,Solvent,0.5481,,1.0234000000000003,0.00105,,,10.1016/j.fluid.2017.06.018
259,-6643520844316471776,298.15,100.0,Liquid,2,NCCNCCO,Solvent,0.2012,,NCCO,Solvent,0.7988,,1.0194000000000003,0.00105,,,10.1016/j.fluid.2017.06.018
260,-2101548637542898984,303.15,101.0,Liquid,2,C1CCOC1,Solvent,0.2735,,Nc1ccccc1,Solvent,0.7264999999999999,,0.9848000000000002,0.00015,,,10.1016/j.tca.2010.04.025
261,3878303702241758940,298.15,101.0,Liquid,2,NCC(=O)O,Solvent,0.0764035634497134,,OCCCCl,Solvent,0.9235964365502868,,1.0378340000000004,0.0026205,,,10.1016/j.jct.2010.11.015
262,8330622808338488719,298.15,101.0,Liquid,2,C[C@H](N)C(=O)O,Solvent,0.0782964699661461,,OCCCCl,Solvent,0.921703530033854,,1.0355280000000002,0.002552,,,10.1016/j.jct.2010.11.015
263,3863713302709104555,303.15,101.0,Liquid,2,CC(C)OC(C)C,Solvent,0.7235,,Nc1cccc(Cl)c1,Solvent,0.2764999999999999,,0.8426000000000002,0.00015,,,10.1016/j.tca.2011.07.005
264,-4965143629062888921,308.15,101.0,Liquid,2,CCCCCC,Solvent,0.7495,,Cc1ccccc1N,Solvent,0.2505,,,,0.7498,0.0081,10.1016/j.tca.2008.06.004
265,3046079192047542187,303.15,100.0,Liquid,2,NCCCNCCCN,Solvent,0.3005,,O,Solvent,0.6995,,,,-6.588,0.07,10.1016/j.jct.2015.04.030
266,-117405066807309900,303.15,100.0,Liquid,2,NCCCNCCCN,Solvent,0.4998,,O,Solvent,0.5002,,,,-5.544,0.059,10.1016/j.jct.2015.04.030
267,-961006401689746433,303.15,100.0,Liquid,2,NCCCNCCCN,Solvent,0.8015,,O,Solvent,0.1985,,,,-2.233,0.024,10.1016/j.jct.2015.04.030
268,-2144829566062755155,303.15,100.0,Liquid,2,CN(C)CCN(C)CCN(C)C,Solvent,0.4895,,O,Solvent,0.5105,,,,-3.043,0.0325,10.1016/j.jct.2015.04.030
269,-175444850724127532,303.15,100.0,Liquid,2,NCCOCCO,Solvent,0.5045,,O,Solvent,0.4955,,,,-2.022,0.0215,10.1016/j.jct.2015.04.030
270,-1002436575663072208,298.15,101.0,Liquid,2,CC(C)CO,Solvent,0.7464999999999999,,NCCNCCN,Solvent,0.2535,,0.8513800000000002,6.500000000000002e-05,,,10.1016/j.tca.2011.06.003
271,-1724178096543271879,298.15,101.0,Liquid,2,CC(C)CO,Solvent,0.4963999999999999,,NCCNCCN,Solvent,0.5036,,0.8880880000000002,5.900000000000001e-05,,,10.1016/j.tca.2011.06.003
272,6212042857167638252,298.15,101.0,Liquid,2,CC(C)CO,Solvent,0.2952,,NCCNCCN,Solvent,0.7048,,0.9153980000000004,5.450000000000001e-05,,,10.1016/j.tca.2011.06.003
273,-7074246044241212328,298.15,101.0,Liquid,2,CC(C)O,Solvent,0.7459,,NCCNCCN,Solvent,0.2541,,0.8483770000000002,6.650000000000002e-05,,,10.1016/j.tca.2011.06.003
274,-7356993488174262760,298.15,101.0,Liquid,2,CC(C)O,Solvent,0.4975,,NCCNCCN,Solvent,0.5025,,0.8901850000000001,5.850000000000002e-05,,,10.1016/j.tca.2011.06.003
275,5198766819041057805,298.15,101.0,Liquid,2,CC(C)O,Solvent,0.289,,NCCNCCN,Solvent,0.711,,0.9170350000000002,5.400000000000001e-05,,,10.1016/j.tca.2011.06.003
276,-1272233843101519997,298.15,101.0,Liquid,2,CCCCO,Solvent,0.7476,,NCCNCCN,Solvent,0.2524,,0.8565400000000002,6.500000000000002e-05,,,10.1016/j.tca.2011.06.003
277,7497290074956856722,298.15,101.0,Liquid,2,CCCCO,Solvent,0.4987,,NCCNCCN,Solvent,0.5013,,0.8913740000000002,5.8000000000000014e-05,,,10.1016/j.tca.2011.06.003
278,61902187383467646,298.15,101.0,Liquid,2,CCCCO,Solvent,0.2921,,NCCNCCN,Solvent,0.7079,,0.915617,5.450000000000001e-05,,,10.1016/j.tca.2011.06.003
279,-3280754947558351131,298.15,101.0,Liquid,2,CCO,Solvent,0.7525999999999999,,CN(CCO)CCO,Solvent,0.2474,,0.9071800000000002,0.000725,,,10.1021/je700245a
280,4058439906432146405,298.15,101.0,Liquid,2,CCO,Solvent,0.5194,,CN(CCO)CCO,Solvent,0.4806,,0.9682800000000004,0.000555,,,10.1021/je700245a
281,1059142752337644618,298.15,101.0,Liquid,2,CCO,Solvent,0.2084,,CN(CCO)CCO,Solvent,0.7916,,1.0153,0.0005,,,10.1021/je700245a
282,-8825138219800522263,298.15,101.0,Liquid,2,CN(CCO)CCO,Solvent,0.8210999999999999,,NCCO,Solvent,0.1789,,1.0363510000000005,0.0003805,,,10.1021/je900437b
283,9202032275803857523,298.15,101.0,Liquid,2,CN(CCO)CCO,Solvent,0.544,,NCCO,Solvent,0.456,,1.032456,0.000276,,,10.1021/je900437b
284,2381460258416920516,298.15,101.0,Liquid,2,CN(CCO)CCO,Solvent,0.2549,,NCCO,Solvent,0.7451,,1.0250980000000005,0.000185,,,10.1021/je900437b
285,-7685727520154635500,293.15,101.0,Liquid,2,CCCCCCO,Solvent,0.2017,,CN(C)c1ccccc1,Solvent,0.7983,,0.9364300000000002,0.001875,,,10.1021/je700344f
286,-2314821310295957136,293.15,101.0,Liquid,2,CCCCCCO,Solvent,0.5026,,CN(C)c1ccccc1,Solvent,0.4973999999999999,,0.8967400000000002,0.002365,,,10.1021/je700344f
287,7125093827685776838,293.15,101.0,Liquid,2,CCCCCCO,Solvent,0.7022,,CN(C)c1ccccc1,Solvent,0.2977999999999999,,0.8686000000000003,0.00271,,,10.1021/je700344f
288,-4467944004893648495,303.15,101.325,Liquid,2,CCCCCCCCC,Solvent,0.2045,,NC1CCCCC1,Solvent,0.7955,,0.8131500000000002,0.00014,,,10.1021/je050316s
289,928826970152684405,293.15,100.0,Liquid,2,CN(C)CCN,Solvent,0.5035,,O,Solvent,0.4965,,0.8740000000000002,0.001,,,10.1021/acs.jced.5b00447
290,8819842668768477410,298.15,101.0,Liquid,2,CCCNCCC,Solvent,0.2315,,COC(C)(C)C,Solvent,0.7685,,0.7361530000000002,0.000416,,,10.1021/je900597n
291,3580336998710576532,298.15,101.325,Liquid,2,CCCCN(CCCC)CCCC,Solvent,0.4875,,ClC=C(Cl)Cl,Solvent,0.5125,,0.9663000000000002,0.0005,,,10.1021/je030147g
292,8949443401398945060,293.15,101.0,Liquid,2,NCCO,Solvent,0.7001999999999999,,OCCO,Solvent,0.2998,,1.049244,0.000134,,,10.1021/je3013205
293,1663690824388298112,293.15,101.0,Liquid,2,NCCO,Solvent,0.4999,,OCCO,Solvent,0.5001,,1.069165,0.000142,,,10.1021/je3013205
294,3174637270066407146,293.15,101.0,Liquid,2,NCCO,Solvent,0.1997999999999999,,OCCO,Solvent,0.8002,,1.0967600000000002,0.0001535,,,10.1021/je3013205
295,3585308026724817125,293.15,101.0,Liquid,2,NCCOCCO,Solvent,0.7001999999999999,,OCCO,Solvent,0.2998,,1.0719360000000002,0.0003625,,,10.1021/je3013205
296,4327148658194857840,293.15,101.0,Liquid,2,NCCOCCO,Solvent,0.5001,,OCCO,Solvent,0.4999,,1.0826710000000004,0.000295,,,10.1021/je3013205
297,6781780667336159317,293.15,101.0,Liquid,2,NCCOCCO,Solvent,0.1999999999999999,,OCCO,Solvent,0.8,,1.1002490000000005,0.000208,,,10.1021/je3013205
298,2629881443167827662,293.15,101.0,Liquid,2,CC(C)O,Solvent,0.2002,,NCCOCCO,Solvent,0.7998000000000001,,1.0167730000000004,0.000304,,,10.1021/je3013205
299,-3603750056016679151,293.15,101.0,Liquid,2,CC(C)O,Solvent,0.5001,,NCCOCCO,Solvent,0.4999,,0.9454190000000002,0.0001435,,,10.1021/je3013205
300,-8510350303850674662,293.15,101.0,Liquid,2,CC(C)O,Solvent,0.7001,,NCCOCCO,Solvent,0.2999,,0.8886580000000003,8.900000000000002e-05,,,10.1021/je3013205
301,3254685588317794493,298.15,100.0,Liquid,2,CCCCOCCCN,Solvent,0.2344,,O,Solvent,0.7656000000000001,,0.9128400000000002,0.000575,,,10.1021/acs.jced.7b00006
302,7405914781805195194,298.15,100.0,Liquid,2,CCCCOCCCN,Solvent,0.4725,,O,Solvent,0.5275000000000001,,0.8803200000000002,0.0006,,,10.1021/acs.jced.7b00006
303,3206632220005015356,298.15,100.0,Liquid,2,CCCCOCCCN,Solvent,0.7878,,O,Solvent,0.2122,,0.8547600000000002,0.00045,,,10.1021/acs.jced.7b00006
304,-569216085370909044,298.2,100.0,Liquid,2,CCCO,Solvent,0.7491,,CN(C)CCO,Solvent,0.2509,,,,-0.2138,0.0024,10.1021/je800334m
305,-7755095737546238506,298.2,100.0,Liquid,2,CCCO,Solvent,0.501,,CN(C)CCO,Solvent,0.499,,,,-0.2537,0.00285,10.1021/je800334m
306,-6385403897379588675,298.2,100.0,Liquid,2,CCCO,Solvent,0.3495,,CN(C)CCO,Solvent,0.6505,,,,-0.2193,0.00245,10.1021/je800334m
307,-4331340042291977557,298.15,101.0,Liquid,2,CN(CCO)CCO,Solvent,0.6699999999999999,,c1ccncc1,Solvent,0.33,,1.0161020000000005,0.000102,,,10.1021/je400184t
308,-6408915249001003097,298.15,101.0,Liquid,2,CN(CCO)CCO,Solvent,0.47353,,c1ccncc1,Solvent,0.52647,,1.0044450000000005,0.0001015,,,10.1021/je400184t
309,7367812091605846778,298.15,101.0,Liquid,2,CN(CCO)CCO,Solvent,0.23126,,c1ccncc1,Solvent,0.76874,,0.9906030000000002,0.0001015,,,10.1021/je400184t
310,-6601901226504585857,298.15,101.0,Liquid,2,CN(CCO)CCO,Solvent,0.2306099999999999,,c1ccncc1,Solvent,0.76939,,,,-0.032,0.001,10.1021/je400184t
311,2244487057106070226,298.15,101.0,Liquid,2,CN(CCO)CCO,Solvent,0.6695800000000001,,c1ccncc1,Solvent,0.33042,,,,-0.12,0.0015,10.1021/je400184t
312,5028550437674531956,298.15,101.0,Liquid,2,CN(CCO)CCO,Solvent,0.4737599999999999,,c1ccncc1,Solvent,0.52624,,,,-0.093,0.001,10.1021/je400184t
313,7423050154073662746,293.15,100.0,Liquid,2,C=C(C)C(=O)OCCN(C)C,Solvent,0.2993,,CCCCO,Solvent,0.7007,,0.8687100000000002,0.00026,,,10.1021/acs.jced.8b00975
314,8425085043624202290,293.15,100.0,Liquid,2,C=C(C)C(=O)OCCN(C)C,Solvent,0.499,,CCCCO,Solvent,0.501,,0.8943000000000002,0.00026,,,10.1021/acs.jced.8b00975
315,-4847013319027469422,293.15,100.0,Liquid,2,C=C(C)C(=O)OCCN(C)C,Solvent,0.7989,,CCCCO,Solvent,0.2010999999999999,,0.9205300000000002,0.000265,,,10.1021/acs.jced.8b00975
316,309677712801659158,293.15,100.0,Liquid,2,C=C(C)C(=O)OCCN(C)C,Solvent,0.5004,,CCCCCO,Solvent,0.4996,,0.8909700000000003,0.00029,,,10.1021/acs.jced.8b00975
317,-6948662714060213039,293.15,100.0,Liquid,2,C=C(C)C(=O)OCCN(C)C,Solvent,0.7021,,CCCCCO,Solvent,0.2979,,0.9107400000000002,0.00028,,,10.1021/acs.jced.8b00975
318,5982717317754369258,303.15,100.0,Liquid,2,C=C(C)C(=O)OCCN(C)C,Solvent,0.2025,,CCCCCO,Solvent,0.7975,,0.8438700000000002,0.0003,,,10.1021/acs.jced.8b00975
319,-3815886402243915378,298.15,101.0,Liquid,2,NCCCC[C@H](N)C(=O)O,Solvent,0.0785811281555958,,O,Solvent,0.9214188718444042,,1.2421000000000002,0.00065,,,10.1021/acs.jced.5b00393
320,-7400464823098034269,298.15,101.0,Liquid,2,CCCCO,Solvent,0.7398,,NCCN,Solvent,0.2602,,0.8325090000000002,0.000221,,,10.1021/je1012857
321,-6663742398045302108,298.15,101.0,Liquid,2,CCCCO,Solvent,0.4963999999999999,,NCCN,Solvent,0.5036,,0.8519430000000002,0.000219,,,10.1021/je1012857
322,-1330686757933961794,298.15,101.0,Liquid,2,CCCCO,Solvent,0.2919,,NCCN,Solvent,0.7081,,0.8676960000000002,0.0002205,,,10.1021/je1012857
323,2323799571892753177,298.15,101.0,Liquid,2,CCCO,Solvent,0.7664,,CN1CCOCC1,Solvent,0.2336,,0.8365200000000002,0.00039,,,10.1021/je7005055
324,-6580418819884569033,298.15,101.0,Liquid,2,CCCO,Solvent,0.5524,,CN1CCOCC1,Solvent,0.4476,,0.8619900000000003,0.00041,,,10.1021/je7005055
325,2783505846175138736,298.15,101.0,Liquid,2,CCCO,Solvent,0.2316,,CN1CCOCC1,Solvent,0.7684,,0.8927600000000002,0.00047,,,10.1021/je7005055
326,4323913607768219329,298.15,101.0,Liquid,2,CCCCO,Solvent,0.7601,,CN1CCOCC1,Solvent,0.2399,,0.8338000000000002,0.000395,,,10.1021/je7005055
327,7647829452756001343,298.15,101.0,Liquid,2,CCCCO,Solvent,0.4715,,CN1CCOCC1,Solvent,0.5285,,0.8645400000000002,0.000425,,,10.1021/je7005055
328,-5092193292150202596,298.15,101.0,Liquid,2,CCCCO,Solvent,0.2802,,CN1CCOCC1,Solvent,0.7198,,0.8854500000000003,0.00046,,,10.1021/je7005055
329,4131900129673268065,298.15,101.0,Liquid,2,CCCCCO,Solvent,0.7588,,CN1CCOCC1,Solvent,0.2412,,0.8324100000000002,0.00034,,,10.1021/je7005055
330,-9133273105473325859,298.15,101.0,Liquid,2,CCCCCO,Solvent,0.5388,,CN1CCOCC1,Solvent,0.4612,,0.8540300000000002,0.000365,,,10.1021/je7005055
331,-7878540172983393715,298.15,101.0,Liquid,2,CCCCCO,Solvent,0.2733,,CN1CCOCC1,Solvent,0.7267,,0.8819100000000002,0.00043,,,10.1021/je7005055
332,8839948729973685115,298.15,101.0,Liquid,2,CCCCCCO,Solvent,0.7623,,CN1CCOCC1,Solvent,0.2377,,0.8336900000000003,0.00034,,,10.1021/je7005055
333,5797978833259631060,298.15,101.0,Liquid,2,CCCCCCO,Solvent,0.5113,,CN1CCOCC1,Solvent,0.4887,,0.8559700000000002,0.000375,,,10.1021/je7005055
334,1384187884366986590,298.15,101.0,Liquid,2,CCCCCCO,Solvent,0.2825999999999999,,CN1CCOCC1,Solvent,0.7174,,0.8791400000000001,0.000425,,,10.1021/je7005055
335,-8452544616302650634,298.15,101.0,Liquid,2,CCCCCCCCO,Solvent,0.7619,,CN1CCOCC1,Solvent,0.2381,,0.8353300000000002,0.000335,,,10.1021/je7005055
336,6228671460521281853,298.15,101.0,Liquid,2,CCCCCCCCO,Solvent,0.5101,,CN1CCOCC1,Solvent,0.4899,,0.8538600000000002,0.000375,,,10.1021/je7005055
337,-8227203860925499377,298.15,101.0,Liquid,2,CCCCCCCCO,Solvent,0.2786999999999999,,CN1CCOCC1,Solvent,0.7213,,0.8759700000000002,0.00043,,,10.1021/je7005055
338,2962141813611740084,298.15,101.0,Liquid,2,NCCCCN,Solvent,0.14336,,O,Solvent,0.8566400000000001,,0.9785440000000002,0.000165,,,10.1021/je301371p
339,-7995536833747998803,303.15,101.3,Liquid,2,CCCC(C)(C)O,Solvent,0.7,,CCCCN,Solvent,0.3,,0.7957000000000002,0.0005,,,10.1021/je0498053
340,9209504892481851716,303.15,101.3,Liquid,2,CCCC(C)(C)O,Solvent,0.5001,,CCCCN,Solvent,0.4999,,0.7814000000000002,0.0005,,,10.1021/je0498053
341,3771517670506828267,303.15,101.3,Liquid,2,CCCC(C)(C)O,Solvent,0.1999999999999999,,CCCCN,Solvent,0.8,,0.7534000000000002,0.00055,,,10.1021/je0498053
342,-1059539267636183259,298.15,100.0,Liquid,2,CC(C)CO,Solvent,0.2357,,NC1CCCCC1,Solvent,0.7643,,0.8573700000000002,0.001005,,,10.1021/acs.jced.6b00158
343,-1182135870866388082,298.15,100.0,Liquid,2,CC(C)CO,Solvent,0.45126,,NC1CCCCC1,Solvent,0.54874,,0.8465500000000001,0.001005,,,10.1021/acs.jced.6b00158
344,-6294959172206483452,298.15,100.0,Liquid,2,CC(C)CO,Solvent,0.74215,,NC1CCCCC1,Solvent,0.25785,,0.8267000000000002,0.001005,,,10.1021/acs.jced.6b00158
345,-4479036253771596800,298.15,101.0,Liquid,2,CC(C)=O,Solvent,0.2145,,Nc1ccccc1,Solvent,0.7855,,,,-0.746,0.008,10.1021/je200333p
346,-8160472737992363040,293.15,101.0,Liquid,2,CCO,Solvent,0.7,,NCCNCCO,Solvent,0.3,,0.9086300000000002,0.001135,,,10.1021/acs.jced.7b00321
347,-2526771647423177822,293.15,101.0,Liquid,2,CCO,Solvent,0.5003,,NCCNCCO,Solvent,0.4997,,0.9579200000000002,0.001135,,,10.1021/acs.jced.7b00321
348,745315294950373658,293.15,101.0,Liquid,2,CCO,Solvent,0.2006,,NCCNCCO,Solvent,0.7994,,1.0070900000000005,0.001025,,,10.1021/acs.jced.7b00321
349,8049525020522480714,293.15,101.0,Liquid,2,CCO,Solvent,0.7992,,NCCCO,Solvent,0.2008,,0.8479800000000002,0.000995,,,10.1021/acs.jced.7b00321
350,-6365380567404185959,293.15,101.0,Liquid,2,CCO,Solvent,0.5001,,NCCCO,Solvent,0.4999,,0.9141300000000002,0.00101,,,10.1021/acs.jced.7b00321
351,1540227758501294660,293.15,101.0,Liquid,2,CCO,Solvent,0.2000999999999999,,NCCCO,Solvent,0.7999,,0.9633500000000004,0.000985,,,10.1021/acs.jced.7b00321
352,6927641620209503790,293.15,101.0,Liquid,2,CCO,Solvent,0.6999,,NCCNCCN,Solvent,0.3001,,0.8887400000000002,0.00128,,,10.1021/acs.jced.7b00321
353,9162580750800328600,293.15,101.0,Liquid,2,CCO,Solvent,0.5002,,NCCNCCN,Solvent,0.4998,,0.9187700000000002,0.001345,,,10.1021/acs.jced.7b00321
354,-2565940279480744381,293.15,101.0,Liquid,2,CCO,Solvent,0.2002,,NCCNCCN,Solvent,0.7998,,0.9430800000000004,0.001185,,,10.1021/acs.jced.7b00321
355,6958099916862985124,298.15,100.0,Liquid,2,CC(C)NC(C)C,Solvent,0.4955,,CC(C)O,Solvent,0.5045,,0.7497030000000001,0.000265,,,10.1021/acs.jced.5b00216
356,-950000805336343044,298.15,100.0,Liquid,2,CCCCN(CCCC)CCCC,Solvent,0.5015,,CCCOC(C)=O,Solvent,0.4985,,0.8056030000000002,0.00101,,,10.1021/acs.jced.8b01120
357,-664665111303217059,293.15,101.0,Liquid,2,CN(CCO)CCO,Solvent,0.7001,,CNCCCN,Solvent,0.2999,,0.9975880000000004,0.0004185,,,10.1021/je400679k
358,-6895564735059971065,293.15,101.0,Liquid,2,CN(CCO)CCO,Solvent,0.5,,CNCCCN,Solvent,0.5,,0.9641340000000004,0.000399,,,10.1021/je400679k
359,2291183133660271153,293.15,101.0,Liquid,2,CN(CCO)CCO,Solvent,0.1997999999999999,,CNCCCN,Solvent,0.8002,,0.9007590000000002,0.0003655,,,10.1021/je400679k
360,-8228007004258204965,293.15,100.0,Liquid,2,CCN1CCCC1=O,Solvent,0.7225,,CCNCCO,Solvent,0.2774999999999999,,0.9737100000000004,0.000395,,,10.1021/je500917k
361,5868022124122561999,298.15,101.0,Liquid,2,CCCCCCCCN(CCCCCCCC)CCCCCCCC,Solvent,0.2,,CCCCCCCCO,Solvent,0.8,,0.8178000000000002,0.0003,,,10.1021/je900586f
362,-7173129803014685711,298.15,101.0,Liquid,2,CCCCCCCCN(CCCCCCCC)CCCCCCCC,Solvent,0.4997,,CCCCCCCCO,Solvent,0.5003,,0.8131000000000003,0.0003,,,10.1021/je900586f
363,-6772434234176883045,298.15,101.0,Liquid,2,CCCCCCCCN(CCCCCCCC)CCCCCCCC,Solvent,0.701,,CCCCCCCCO,Solvent,0.299,,0.8107000000000002,0.0003,,,10.1021/je900586f
364,-7041059389628348881,298.15,101.0,Liquid,2,CCCCCCCCN(CCCCCCCC)CCCCCCCC,Solvent,0.1998,,CCCCOP(=O)(OCCCC)OCCCC,Solvent,0.8002,,0.9235000000000002,0.0004,,,10.1021/je900586f
365,-3699586125543254008,298.15,101.0,Liquid,2,CCCCCCCCN(CCCCCCCC)CCCCCCCC,Solvent,0.5004,,CCCCOP(=O)(OCCCC)OCCCC,Solvent,0.4996,,0.8686000000000003,0.00035,,,10.1021/je900586f
366,-109181369956520531,298.15,101.0,Liquid,2,CCCCCCCCN(CCCCCCCC)CCCCCCCC,Solvent,0.7006,,CCCCOP(=O)(OCCCC)OCCCC,Solvent,0.2994,,0.8406000000000002,0.00035,,,10.1021/je900586f
367,-8356077946602634571,298.15,101.0,Liquid,2,CCC(C)=O,Solvent,0.7055,,CNc1ccccc1,Solvent,0.2945,,,,-0.672,0.0075,10.1021/je200333p
368,5780942865554782096,298.15,101.0,Liquid,2,C1COCO1,Solvent,0.7575,,NC1CCCCC1,Solvent,0.2425,,0.9884000000000002,0.00035,,,10.1021/je900240s
369,-5820369487764913504,293.15,101.0,Liquid,2,N,Solvent,0.3043,,O,Solvent,0.6957,,0.8898200000000003,0.00011,,,10.1021/je300102d
370,6507440778274829319,293.15,101.0,Liquid,2,CCCO,Solvent,0.7981,,NCCCO,Solvent,0.2019,,0.8459100000000002,7.500000000000002e-05,,,10.1021/je3011634
371,6762199392242832182,293.15,101.0,Liquid,2,CCCO,Solvent,0.4998,,NCCCO,Solvent,0.5002,,0.90378,9.000000000000002e-05,,,10.1021/je3011634
372,1139844370198435256,293.15,101.0,Liquid,2,CCCO,Solvent,0.3005,,NCCCO,Solvent,0.6995,,0.9395900000000004,9.000000000000002e-05,,,10.1021/je3011634
